prompt,row_number,source,gold_hsd_answer,prediction,hsd_reasons
v1_endorsement_rule,1,davidson,0,0,none
v1_endorsement_rule,2,hatexplain,0,0,none
v1_endorsement_rule,3,toxic_spans,0,1,identity_attack|inferiority_claim
v1_endorsement_rule,4,measuring_hate_speech,1,1,identity_attack|dehumanization
v1_endorsement_rule,5,dynahate,1,0,none
v1_endorsement_rule,6,dynahate,1,1,inferiority_claim
v1_endorsement_rule,7,measuring_hate_speech,0,0,none
v1_endorsement_rule,8,davidson,0,0,quote_or_report
v1_endorsement_rule,9,davidson,0,0,none
v1_endorsement_rule,10,davidson,0,1,identity_attack|dehumanization
v1_endorsement_rule,11,measuring_hate_speech,1,1,identity_attack
v1_endorsement_rule,12,hatexplain,0,0,none
v1_endorsement_rule,13,dynahate,0,0,none
v1_endorsement_rule,14,hatecheck,1,1,identity_attack
v1_endorsement_rule,15,measuring_hate_speech,0,1,identity_attack
v1_endorsement_rule,16,hatexplain,0,1,dehumanization|identity_attack
v1_endorsement_rule,17,dynahate,1,0,none
v1_endorsement_rule,18,measuring_hate_speech,1,0,none
v1_endorsement_rule,19,davidson,0,1,identity_attack
v1_endorsement_rule,20,davidson,0,0,none
v1_endorsement_rule,21,measuring_hate_speech,0,1,identity_attack
v1_endorsement_rule,22,toxic_spans,0,0,none
v1_endorsement_rule,23,measuring_hate_speech,0,0,none
v1_endorsement_rule,24,davidson,0,1,identity_attack
v1_endorsement_rule,25,davidson,0,0,none
v1_endorsement_rule,26,dynahate,1,1,dehumanization
v1_endorsement_rule,27,measuring_hate_speech,0,0,none
v1_endorsement_rule,28,davidson,0,0,none
v1_endorsement_rule,29,measuring_hate_speech,0,1,identity_attack
v1_endorsement_rule,30,davidson,0,0,none
v1_endorsement_rule,31,dynahate,1,1,dehumanization
v1_endorsement_rule,32,measuring_hate_speech,1,1,identity_attack|threat
v1_endorsement_rule,33,convabuse,0,0,none
v1_endorsement_rule,34,davidson,0,1,dehumanization
v1_endorsement_rule,35,dynahate,1,0,none
v1_endorsement_rule,36,dynahate,1,0,none
v1_endorsement_rule,37,hatexplain,0,1,exclusion
v1_endorsement_rule,38,measuring_hate_speech,0,0,none
v1_endorsement_rule,39,dynahate,0,0,none
v1_endorsement_rule,40,measuring_hate_speech,1,1,identity_attack
v1_endorsement_rule,41,measuring_hate_speech,0,1,identity_attack|dehumanization
v1_endorsement_rule,42,measuring_hate_speech,0,0,none
v1_endorsement_rule,43,hatexplain,0,0,none
v1_endorsement_rule,44,measuring_hate_speech,0,1,identity_attack|dehumanization
v1_endorsement_rule,45,davidson,0,0,none
v1_endorsement_rule,46,measuring_hate_speech,1,1,identity_attack|dehumanization|inferiority_claim
v1_endorsement_rule,47,hatemoji_build,1,1,identity_attack|dehumanization
v1_endorsement_rule,48,measuring_hate_speech,0,0,none
v1_endorsement_rule,49,measuring_hate_speech,0,1,identity_attack|dehumanization
v1_endorsement_rule,50,hatexplain,0,0,none
v1_endorsement_rule,51,davidson,0,1,dehumanization
v1_endorsement_rule,52,dynahate,1,1,identity_attack
v1_endorsement_rule,53,toxic_spans,0,1,exclusion|dehumanization
v1_endorsement_rule,54,dynahate,0,0,quote_or_report
v1_endorsement_rule,55,davidson,0,0,none
v1_endorsement_rule,56,convabuse,0,0,none
v1_endorsement_rule,57,dynahate,0,0,none
v1_endorsement_rule,58,measuring_hate_speech,0,0,none
v1_endorsement_rule,59,dynahate,0,0,quote_or_report
v1_endorsement_rule,60,dynahate,0,0,none
v1_endorsement_rule,61,measuring_hate_speech,0,0,counterspeech
v1_endorsement_rule,62,dynahate,0,0,none
v1_endorsement_rule,63,dynahate,1,0,none
v1_endorsement_rule,64,davidson,0,0,none
v1_endorsement_rule,65,davidson,0,1,identity_attack|dehumanization
v1_endorsement_rule,66,davidson,0,0,none
v1_endorsement_rule,67,dynahate,1,1,identity_attack|dehumanization
v1_endorsement_rule,68,dynahate,0,0,none
v1_endorsement_rule,69,dynahate,0,1,identity_attack|dehumanization
v1_endorsement_rule,70,measuring_hate_speech,1,1,identity_attack|dehumanization|exclusion|inferiority_claim
v1_endorsement_rule,71,measuring_hate_speech,1,1,identity_attack
v1_endorsement_rule,72,davidson,0,1,dehumanization
v1_endorsement_rule,73,dynahate,0,0,none
v1_endorsement_rule,74,davidson,0,0,none
v1_endorsement_rule,75,hatemoji_build,1,0,none
v1_endorsement_rule,76,measuring_hate_speech,0,1,dehumanization
v1_endorsement_rule,77,measuring_hate_speech,0,1,exclusion
v1_endorsement_rule,78,measuring_hate_speech,0,1,identity_attack
v1_endorsement_rule,79,convabuse,0,0,none
v1_endorsement_rule,80,dynahate,0,0,none
v1_endorsement_rule,81,hatexplain,0,1,identity_attack
v1_endorsement_rule,82,davidson,0,0,none
v1_endorsement_rule,83,hatexplain,0,1,dehumanization
v1_endorsement_rule,84,measuring_hate_speech,1,1,identity_attack
v1_endorsement_rule,85,dynahate,1,1,identity_attack
v1_endorsement_rule,86,hatecheck,1,1,threat
v1_endorsement_rule,87,davidson,0,1,identity_attack
v1_endorsement_rule,88,dynahate,0,0,none
v1_endorsement_rule,89,dynahate,1,0,none
v1_endorsement_rule,90,measuring_hate_speech,0,0,none
v1_endorsement_rule,91,hatexplain,0,1,identity_attack
v1_endorsement_rule,92,measuring_hate_speech,0,1,identity_attack
v1_endorsement_rule,93,measuring_hate_speech,1,1,identity_attack
v1_endorsement_rule,94,dynahate,1,0,none
v1_endorsement_rule,95,toxic_spans,0,1,dehumanization|inferiority_claim
v1_endorsement_rule,96,dynahate,1,1,identity_attack
v1_endorsement_rule,97,dynahate,1,1,identity_attack|exclusion
v1_endorsement_rule,98,dynahate,1,1,identity_attack
v1_endorsement_rule,99,measuring_hate_speech,0,0,none
v1_endorsement_rule,100,dynahate,0,0,none
v1_endorsement_rule,101,hatexplain,0,1,identity_attack
v1_endorsement_rule,102,davidson,0,1,dehumanization
v1_endorsement_rule,103,hatemoji_build,0,0,none
v1_endorsement_rule,104,toxic_spans,0,0,none
v1_endorsement_rule,105,toxic_spans,0,0,none
v1_endorsement_rule,106,davidson,0,0,none
v1_endorsement_rule,107,dynahate,1,1,identity_attack
v1_endorsement_rule,108,measuring_hate_speech,0,0,none
v1_endorsement_rule,109,hatexplain,0,0,none
v1_endorsement_rule,110,toxic_spans,0,0,none
v1_endorsement_rule,111,dynahate,1,0,none
v1_endorsement_rule,112,dynahate,0,0,none
v1_endorsement_rule,113,dynahate,1,1,identity_attack
v1_endorsement_rule,114,measuring_hate_speech,1,1,dehumanization|exclusion
v1_endorsement_rule,115,dynahate,0,0,none
v1_endorsement_rule,116,dynahate,1,1,identity_attack
v1_endorsement_rule,117,measuring_hate_speech,0,1,dehumanization|exclusion
v1_endorsement_rule,118,dynahate,1,0,none
v1_endorsement_rule,119,toxic_spans,0,0,none
v1_endorsement_rule,120,toxic_spans,0,0,none
v1_endorsement_rule,121,toxic_spans,0,0,none
v1_endorsement_rule,122,dynahate,1,1,identity_attack|dehumanization
v1_endorsement_rule,123,convabuse,0,0,none
v1_endorsement_rule,124,hatexplain,0,1,threat
v1_endorsement_rule,125,measuring_hate_speech,0,0,none
v1_endorsement_rule,126,dynahate,1,1,identity_attack
v1_endorsement_rule,127,davidson,0,1,dehumanization
v1_endorsement_rule,128,davidson,0,0,none
v1_endorsement_rule,129,dynahate,0,0,none
v1_endorsement_rule,130,davidson,0,0,none
v1_endorsement_rule,131,dynahate,1,0,none
v1_endorsement_rule,132,dynahate,0,1,identity_attack|dehumanization|exclusion
v1_endorsement_rule,133,measuring_hate_speech,1,1,threat|identity_attack
v1_endorsement_rule,134,measuring_hate_speech,0,0,none
v1_endorsement_rule,135,davidson,0,0,none
v1_endorsement_rule,136,toxic_spans,0,0,none
v1_endorsement_rule,137,davidson,0,0,none
v1_endorsement_rule,138,dynahate,1,1,threat|identity_attack
v1_endorsement_rule,139,dynahate,0,0,none
v1_endorsement_rule,140,hatexplain,0,0,none
v1_endorsement_rule,141,hatemoji_build,1,1,identity_attack
v1_endorsement_rule,142,dynahate,0,0,quote_or_report
v1_endorsement_rule,143,davidson,0,0,none
v1_endorsement_rule,144,dynahate,1,1,identity_attack
v1_endorsement_rule,145,hatemoji_build,1,0,none
v1_endorsement_rule,146,measuring_hate_speech,0,0,none
v1_endorsement_rule,147,davidson,0,1,identity_attack
v1_endorsement_rule,148,measuring_hate_speech,1,1,identity_attack
v1_endorsement_rule,149,toxic_spans,0,0,none
v1_endorsement_rule,150,hatecheck,1,1,identity_attack
v1_endorsement_rule,151,hatecheck,1,1,inferiority_claim
v1_endorsement_rule,152,measuring_hate_speech,0,0,none
v1_endorsement_rule,153,hatexplain,1,1,identity_attack
v1_endorsement_rule,154,toxic_spans,0,0,none
v1_endorsement_rule,155,davidson,0,0,none
v1_endorsement_rule,156,hatexplain,0,0,none
v1_endorsement_rule,157,measuring_hate_speech,0,0,none
v1_endorsement_rule,158,convabuse,0,0,none
v1_endorsement_rule,159,hatecheck,0,0,none
v1_endorsement_rule,160,toxic_spans,0,0,none
v1_endorsement_rule,161,measuring_hate_speech,1,1,identity_attack
v1_endorsement_rule,162,measuring_hate_speech,1,1,threat
v1_endorsement_rule,163,measuring_hate_speech,1,1,dehumanization
v1_endorsement_rule,164,measuring_hate_speech,0,0,none
v1_endorsement_rule,165,measuring_hate_speech,0,0,none
v1_endorsement_rule,166,davidson,0,1,identity_attack
v1_endorsement_rule,167,measuring_hate_speech,0,0,none
v1_endorsement_rule,168,davidson,0,0,none
v1_endorsement_rule,169,toxic_spans,0,0,none
v1_endorsement_rule,170,dynahate,1,1,identity_attack
v1_endorsement_rule,171,measuring_hate_speech,0,1,dehumanization
v1_endorsement_rule,172,hatexplain,0,1,inferiority_claim
v1_endorsement_rule,173,dynahate,1,0,none
v1_endorsement_rule,174,hatecheck,1,0,none
v1_endorsement_rule,175,toxic_spans,0,0,none
v1_endorsement_rule,176,toxic_spans,0,0,none
v1_endorsement_rule,177,hatemoji_build,0,0,none
v1_endorsement_rule,178,measuring_hate_speech,1,1,dehumanization|identity_attack
v1_endorsement_rule,179,dynahate,0,1,dehumanization|identity_attack
v1_endorsement_rule,180,convabuse,0,0,none
v1_endorsement_rule,181,davidson,0,1,identity_attack
v1_endorsement_rule,182,davidson,0,0,quote_or_report
v1_endorsement_rule,183,dynahate,1,1,dehumanization|inferiority_claim
v1_endorsement_rule,184,hatexplain,0,0,none
v1_endorsement_rule,185,measuring_hate_speech,0,1,identity_attack
v1_endorsement_rule,186,measuring_hate_speech,0,1,identity_attack
v1_endorsement_rule,187,dynahate,0,1,dehumanization|inferiority_claim
v1_endorsement_rule,188,hatemoji_build,0,0,none
v1_endorsement_rule,189,measuring_hate_speech,1,1,identity_attack|threat
v1_endorsement_rule,190,toxic_spans,0,0,none
v1_endorsement_rule,191,davidson,1,1,identity_attack
v1_endorsement_rule,192,dynahate,0,0,none
v1_endorsement_rule,193,measuring_hate_speech,1,1,dehumanization|inferiority_claim
v1_endorsement_rule,194,hatemoji_build,0,0,none
v1_endorsement_rule,195,hatemoji_build,1,1,identity_attack
v1_endorsement_rule,196,dynahate,0,0,none
v1_endorsement_rule,197,davidson,0,1,identity_attack
v1_endorsement_rule,198,dynahate,0,0,none
v1_endorsement_rule,199,measuring_hate_speech,1,1,inferiority_claim
v1_endorsement_rule,200,measuring_hate_speech,0,1,identity_attack
v1_endorsement_rule,201,toxic_spans,0,0,quote_or_report
v1_endorsement_rule,202,davidson,0,0,none
v1_endorsement_rule,203,toxic_spans,0,1,identity_attack
v1_endorsement_rule,204,toxic_spans,0,0,none
v1_endorsement_rule,205,measuring_hate_speech,1,1,threat
v1_endorsement_rule,206,measuring_hate_speech,0,0,none
v1_endorsement_rule,207,dynahate,1,1,identity_attack
v1_endorsement_rule,208,measuring_hate_speech,0,1,dehumanization
v1_endorsement_rule,209,dynahate,1,1,identity_attack
v1_endorsement_rule,210,davidson,0,1,threat
v1_endorsement_rule,211,hatexplain,0,1,identity_attack
v1_endorsement_rule,212,measuring_hate_speech,1,1,identity_attack
v1_endorsement_rule,213,hatecheck,1,1,dehumanization
v1_endorsement_rule,214,hatexplain,0,1,identity_attack
v1_endorsement_rule,215,measuring_hate_speech,0,0,quote_or_report
v1_endorsement_rule,216,hatemoji_build,1,1,threat
v1_endorsement_rule,217,hatexplain,0,0,none
v1_endorsement_rule,218,hatemoji_check,1,1,identity_attack
v1_endorsement_rule,219,toxic_spans,0,0,none
v1_endorsement_rule,220,measuring_hate_speech,1,1,dehumanization
v1_endorsement_rule,221,measuring_hate_speech,1,1,identity_attack
v1_endorsement_rule,222,toxic_spans,0,1,threat
v1_endorsement_rule,223,hatexplain,0,1,dehumanization
v1_endorsement_rule,224,toxic_spans,0,1,identity_attack
v1_endorsement_rule,225,toxic_spans,0,0,none
v1_endorsement_rule,226,measuring_hate_speech,0,1,identity_attack
v1_endorsement_rule,227,hatemoji_build,0,1,dehumanization
v1_endorsement_rule,228,measuring_hate_speech,0,1,exclusion
v1_endorsement_rule,229,measuring_hate_speech,0,0,none
v1_endorsement_rule,230,measuring_hate_speech,0,1,identity_attack
v1_endorsement_rule,231,hatexplain,0,1,identity_attack
v1_endorsement_rule,232,measuring_hate_speech,0,0,none
v1_endorsement_rule,233,dynahate,0,0,none
v1_endorsement_rule,234,measuring_hate_speech,0,1,identity_attack
v1_endorsement_rule,235,dynahate,0,0,none
v1_endorsement_rule,236,measuring_hate_speech,0,1,identity_attack
v1_endorsement_rule,237,davidson,0,0,none
v1_endorsement_rule,238,hatexplain,0,0,none
v1_endorsement_rule,239,toxic_spans,0,1,identity_attack
v1_endorsement_rule,240,dynahate,1,1,identity_attack
v1_endorsement_rule,241,measuring_hate_speech,0,0,none
v1_endorsement_rule,242,measuring_hate_speech,1,0,none
v1_endorsement_rule,243,hatexplain,1,1,identity_attack|dehumanization
v1_endorsement_rule,244,hatexplain,0,1,identity_attack|dehumanization
v1_endorsement_rule,245,measuring_hate_speech,0,0,none
v1_endorsement_rule,246,measuring_hate_speech,0,0,none
v1_endorsement_rule,247,dynahate,0,0,none
v1_endorsement_rule,248,measuring_hate_speech,1,1,threat|identity_attack
v1_endorsement_rule,249,measuring_hate_speech,0,0,none
v1_endorsement_rule,250,dynahate,0,0,none
v1_endorsement_rule,251,dynahate,1,1,identity_attack
v1_endorsement_rule,252,hatexplain,0,0,none
v1_endorsement_rule,253,toxic_spans,0,0,none
v1_endorsement_rule,254,hatemoji_build,0,0,none
v1_endorsement_rule,255,measuring_hate_speech,0,0,none
v1_endorsement_rule,256,dynahate,0,0,none
v1_endorsement_rule,257,dynahate,0,1,identity_attack
v1_endorsement_rule,258,convabuse,0,0,none
v1_endorsement_rule,259,davidson,0,0,none
v1_endorsement_rule,260,dynahate,0,0,none
v1_endorsement_rule,261,hatecheck,1,1,identity_attack
v1_endorsement_rule,262,davidson,1,1,identity_attack
v1_endorsement_rule,263,measuring_hate_speech,0,0,none
v1_endorsement_rule,264,convabuse,0,0,none
v1_endorsement_rule,265,toxic_spans,0,1,threat
v1_endorsement_rule,266,hatemoji_build,1,0,none
v1_endorsement_rule,267,hatexplain,0,0,none
v1_endorsement_rule,268,hatexplain,0,0,none
v1_endorsement_rule,269,dynahate,0,1,identity_attack|dehumanization|threat
v1_endorsement_rule,270,davidson,0,0,none
v1_endorsement_rule,271,measuring_hate_speech,0,0,none
v1_endorsement_rule,272,measuring_hate_speech,0,1,identity_attack|protected_target
v1_endorsement_rule,273,hatexplain,0,1,inferiority_claim
v1_endorsement_rule,274,measuring_hate_speech,1,1,dehumanization
v1_endorsement_rule,275,davidson,0,0,quote_or_report
v1_endorsement_rule,276,dynahate,0,0,none
v1_endorsement_rule,277,hatexplain,0,1,inferiority_claim
v1_endorsement_rule,278,toxic_spans,0,0,none
v1_endorsement_rule,279,dynahate,1,0,none
v1_endorsement_rule,280,dynahate,1,0,none
v1_endorsement_rule,281,measuring_hate_speech,1,0,none
v1_endorsement_rule,282,hatexplain,0,0,none
v1_endorsement_rule,283,measuring_hate_speech,0,0,none
v1_endorsement_rule,284,davidson,1,1,identity_attack
v1_endorsement_rule,285,davidson,0,0,none
v1_endorsement_rule,286,dynahate,0,0,none
v1_endorsement_rule,287,hatemoji_build,0,0,none
v1_endorsement_rule,288,measuring_hate_speech,1,1,none
v1_endorsement_rule,289,measuring_hate_speech,0,0,none
v1_endorsement_rule,290,measuring_hate_speech,0,0,none
v1_endorsement_rule,291,dynahate,1,1,identity_attack
v1_endorsement_rule,292,davidson,0,1,identity_attack
v1_endorsement_rule,293,convabuse,0,0,none
v1_endorsement_rule,294,measuring_hate_speech,1,1,threat
v1_endorsement_rule,295,toxic_spans,0,0,quote_or_report
v1_endorsement_rule,296,dynahate,1,0,none
v1_endorsement_rule,297,davidson,0,1,identity_attack
v1_endorsement_rule,298,measuring_hate_speech,0,1,identity_attack
v1_endorsement_rule,299,davidson,0,0,none
v1_endorsement_rule,300,dynahate,0,0,none
v1_endorsement_rule,301,toxic_spans,0,0,none
v1_endorsement_rule,302,dynahate,0,0,none
v1_endorsement_rule,303,measuring_hate_speech,1,1,identity_attack|dehumanization
v1_endorsement_rule,304,measuring_hate_speech,1,1,inferiority_claim|dehumanization
v1_endorsement_rule,305,davidson,0,0,none
v1_endorsement_rule,306,dynahate,1,0,none
v1_endorsement_rule,307,dynahate,0,0,none
v1_endorsement_rule,308,dynahate,1,1,identity_attack|dehumanization
v1_endorsement_rule,309,davidson,0,0,none
v1_endorsement_rule,310,toxic_spans,0,1,inferiority_claim|dehumanization
v1_endorsement_rule,311,hatecheck,0,0,counterspeech
v1_endorsement_rule,312,hatexplain,0,1,identity_attack|inferiority_claim
v1_endorsement_rule,313,davidson,0,0,none
v1_endorsement_rule,314,davidson,0,0,quote_or_report
v1_endorsement_rule,315,toxic_spans,0,0,none
v1_endorsement_rule,316,measuring_hate_speech,0,1,identity_attack|dehumanization
v1_endorsement_rule,317,dynahate,0,0,none
v1_endorsement_rule,318,dynahate,1,1,threat|dehumanization
v1_endorsement_rule,319,dynahate,0,0,none
v1_endorsement_rule,320,toxic_spans,0,0,none
v1_endorsement_rule,321,dynahate,1,1,inferiority_claim
v1_endorsement_rule,322,toxic_spans,0,0,none
v1_endorsement_rule,323,toxic_spans,0,0,none
v1_endorsement_rule,324,dynahate,1,1,exclusion|identity_attack
v1_endorsement_rule,325,davidson,0,1,threat
v1_endorsement_rule,326,dynahate,0,0,none
v1_endorsement_rule,327,dynahate,0,0,none
v1_endorsement_rule,328,dynahate,0,0,none
v1_endorsement_rule,329,dynahate,1,1,exclusion|identity_attack
v1_endorsement_rule,330,toxic_spans,0,1,threat
v1_endorsement_rule,331,davidson,0,0,none
v1_endorsement_rule,332,dynahate,1,1,identity_attack|dehumanization
v1_endorsement_rule,333,dynahate,1,1,identity_attack|dehumanization
v1_endorsement_rule,334,measuring_hate_speech,0,0,none
v1_endorsement_rule,335,toxic_spans,0,1,threat|identity_attack|exclusion
v1_endorsement_rule,336,davidson,0,1,identity_attack|dehumanization
v1_endorsement_rule,337,hatexplain,0,0,none
v1_endorsement_rule,338,toxic_spans,0,0,none
v1_endorsement_rule,339,hatexplain,1,1,identity_attack|dehumanization|threat
v1_endorsement_rule,340,davidson,0,0,none
v1_endorsement_rule,341,davidson,0,0,none
v1_endorsement_rule,342,convabuse,0,0,none
v1_endorsement_rule,343,hatecheck,0,1,identity_attack
v1_endorsement_rule,344,dynahate,1,1,dehumanization
v1_endorsement_rule,345,dynahate,1,1,inferiority_claim
v1_endorsement_rule,346,measuring_hate_speech,0,1,identity_attack
v1_endorsement_rule,347,hatexplain,1,1,protected_target
v1_endorsement_rule,348,toxic_spans,0,0,none
v1_endorsement_rule,349,toxic_spans,0,0,none
v1_endorsement_rule,350,hatexplain,0,0,none
v1_endorsement_rule,351,davidson,0,0,none
v1_endorsement_rule,352,hatexplain,0,0,none
v1_endorsement_rule,353,dynahate,1,1,identity_attack
v1_endorsement_rule,354,davidson,0,0,none
v1_endorsement_rule,355,dynahate,1,0,none
v1_endorsement_rule,356,davidson,0,1,identity_attack
v1_endorsement_rule,357,davidson,0,1,identity_attack
v1_endorsement_rule,358,toxic_spans,0,0,none
v1_endorsement_rule,359,toxic_spans,0,0,none
v1_endorsement_rule,360,hatexplain,0,1,identity_attack
v1_endorsement_rule,361,hatemoji_check,0,0,none
v1_endorsement_rule,362,measuring_hate_speech,0,1,identity_attack
v1_endorsement_rule,363,davidson,0,1,inferiority_claim
v1_endorsement_rule,364,davidson,0,1,inferiority_claim
v1_endorsement_rule,365,dynahate,1,1,identity_attack
v1_endorsement_rule,366,dynahate,1,1,dehumanization|exclusion|threat
v1_endorsement_rule,367,toxic_spans,0,0,none
v1_endorsement_rule,368,davidson,0,0,none
v1_endorsement_rule,369,toxic_spans,0,1,dehumanization|threat
v1_endorsement_rule,370,davidson,0,1,inferiority_claim
v1_endorsement_rule,371,toxic_spans,0,0,none
v1_endorsement_rule,372,toxic_spans,0,1,identity_attack|inferiority_claim
v1_endorsement_rule,373,davidson,0,1,dehumanization|exclusion
v1_endorsement_rule,374,hatexplain,0,1,identity_attack
v1_endorsement_rule,375,hatexplain,1,1,identity_attack|dehumanization
v1_endorsement_rule,376,toxic_spans,0,0,none
v1_endorsement_rule,377,dynahate,1,0,none
v1_endorsement_rule,378,toxic_spans,0,0,none
v1_endorsement_rule,379,davidson,0,1,identity_attack|dehumanization
v1_endorsement_rule,380,measuring_hate_speech,0,1,identity_attack|exclusion
v1_endorsement_rule,381,hatemoji_check,1,1,threat
v1_endorsement_rule,382,hatemoji_check,1,0,none
v1_endorsement_rule,383,dynahate,1,1,dehumanization
v1_endorsement_rule,384,toxic_spans,0,1,identity_attack|exclusion|threat
v1_endorsement_rule,385,toxic_spans,0,1,identity_attack|dehumanization|threat
v1_endorsement_rule,386,convabuse,0,0,none
v1_endorsement_rule,387,hatemoji_check,0,0,none
v1_endorsement_rule,388,measuring_hate_speech,0,0,none
v1_endorsement_rule,389,dynahate,1,1,identity_attack|dehumanization|threat
v1_endorsement_rule,390,convabuse,0,0,none
v1_endorsement_rule,391,hatexplain,1,1,identity_attack
v1_endorsement_rule,392,measuring_hate_speech,0,0,none
v1_endorsement_rule,393,convabuse,0,0,none
v1_endorsement_rule,394,davidson,0,0,none
v1_endorsement_rule,395,hatexplain,1,1,identity_attack
v1_endorsement_rule,396,dynahate,1,1,identity_attack
v1_endorsement_rule,397,dynahate,1,0,none
v1_endorsement_rule,398,toxic_spans,0,0,none
v1_endorsement_rule,399,toxic_spans,0,1,identity_attack
v1_endorsement_rule,400,hatexplain,1,1,identity_attack
v1_endorsement_rule,401,toxic_spans,0,0,none
v1_endorsement_rule,402,toxic_spans,0,0,none
v1_endorsement_rule,403,toxic_spans,0,0,none
v1_endorsement_rule,404,toxic_spans,0,1,identity_attack
v1_endorsement_rule,405,hatexplain,1,1,threat|identity_attack
v1_endorsement_rule,406,toxic_spans,0,0,none
v1_endorsement_rule,407,toxic_spans,0,0,counterspeech
v1_endorsement_rule,408,convabuse,0,0,none
v1_endorsement_rule,409,measuring_hate_speech,0,0,none
v1_endorsement_rule,410,hatexplain,1,1,identity_attack|threat
v1_endorsement_rule,411,toxic_spans,0,0,none
v1_endorsement_rule,412,hatexplain,1,1,identity_attack
v1_endorsement_rule,413,toxic_spans,0,1,threat|dehumanization
v1_endorsement_rule,414,toxic_spans,0,0,none
v1_endorsement_rule,415,toxic_spans,0,0,none
v1_endorsement_rule,416,toxic_spans,0,0,none
v1_endorsement_rule,417,convabuse,0,0,none
v1_endorsement_rule,418,measuring_hate_speech,0,0,none
v1_endorsement_rule,419,measuring_hate_speech,0,1,identity_attack
v1_endorsement_rule,420,hatexplain,1,1,threat|dehumanization
v1_endorsement_rule,421,hatexplain,1,1,identity_attack|dehumanization|threat
v1_endorsement_rule,422,hatexplain,1,1,identity_attack|dehumanization|threat
v1_endorsement_rule,423,hatemoji_check,1,0,none
v1_endorsement_rule,424,convabuse,0,0,none
v1_endorsement_rule,425,hatexplain,1,1,identity_attack|dehumanization
v1_endorsement_rule,426,measuring_hate_speech,0,1,identity_attack|dehumanization
v1_endorsement_rule,427,convabuse,0,0,none
v1_endorsement_rule,428,convabuse,0,0,none
v1_endorsement_rule,429,convabuse,0,0,none
v1_endorsement_rule,430,measuring_hate_speech,0,0,none
v1_endorsement_rule,431,hatexplain,1,1,identity_attack
v1_endorsement_rule,432,hatemoji_check,1,1,threat
v1_endorsement_rule,433,convabuse,0,0,none
v1_endorsement_rule,434,convabuse,0,0,none
v1_endorsement_rule,435,hatemoji_check,1,1,identity_attack
v1_endorsement_rule,436,hatemoji_check,1,1,identity_attack
v1_endorsement_rule,437,convabuse,0,0,none
v1_endorsement_rule,438,measuring_hate_speech,0,0,none
v1_endorsement_rule,439,measuring_hate_speech,0,1,dehumanization
v1_endorsement_rule,440,convabuse,0,0,none
v1_endorsement_rule,441,measuring_hate_speech,0,1,identity_attack
v1_endorsement_rule,442,measuring_hate_speech,0,0,none
v1_endorsement_rule,443,convabuse,0,0,none
v1_endorsement_rule,444,measuring_hate_speech,0,0,none
v1_endorsement_rule,445,hatemoji_check,0,0,none
v1_endorsement_rule,446,convabuse,0,0,none
v1_endorsement_rule,447,measuring_hate_speech,0,1,identity_attack|dehumanization
v1_endorsement_rule,448,measuring_hate_speech,0,1,identity_attack
v1_endorsement_rule,449,convabuse,0,0,none
v1_endorsement_rule,450,measuring_hate_speech,0,1,identity_attack
v1_endorsement_rule,451,convabuse,0,0,none
v1_endorsement_rule,452,convabuse,0,0,none
v1_endorsement_rule,453,measuring_hate_speech,0,1,identity_attack|dehumanization
v1_endorsement_rule,454,measuring_hate_speech,0,1,threat|protected_target
v1_endorsement_rule,455,convabuse,0,0,none
v1_endorsement_rule,456,measuring_hate_speech,0,0,none
v1_endorsement_rule,457,measuring_hate_speech,0,1,exclusion|identity_attack
v1_endorsement_rule,458,measuring_hate_speech,0,1,threat|protected_target|inferiority_claim
v1_endorsement_rule,459,convabuse,0,0,none
v1_endorsement_rule,460,measuring_hate_speech,0,1,identity_attack|dehumanization
v1_endorsement_rule,461,measuring_hate_speech,0,1,identity_attack
v1_endorsement_rule,462,measuring_hate_speech,0,0,none
v1_endorsement_rule,463,measuring_hate_speech,0,0,none
v1_endorsement_rule,464,measuring_hate_speech,0,1,identity_attack
v1_endorsement_rule,465,convabuse,0,0,none
v1_endorsement_rule,466,measuring_hate_speech,0,0,none
v1_endorsement_rule,467,measuring_hate_speech,0,1,dehumanization
v1_endorsement_rule,468,convabuse,0,0,none
v1_endorsement_rule,469,measuring_hate_speech,0,1,identity_attack
v1_endorsement_rule,470,convabuse,0,0,none
v1_endorsement_rule,471,measuring_hate_speech,0,1,identity_attack
v1_endorsement_rule,472,measuring_hate_speech,0,1,identity_attack
v1_endorsement_rule,473,convabuse,0,0,none
v1_endorsement_rule,474,measuring_hate_speech,0,0,none
v1_endorsement_rule,475,convabuse,0,0,none
v1_endorsement_rule,476,measuring_hate_speech,0,1,identity_attack
v1_endorsement_rule,477,convabuse,0,0,none
v1_endorsement_rule,478,convabuse,0,0,none
v1_endorsement_rule,479,convabuse,0,1,threat
v1_endorsement_rule,480,measuring_hate_speech,0,0,none
v1_endorsement_rule,481,measuring_hate_speech,0,0,none
v1_endorsement_rule,482,measuring_hate_speech,0,1,identity_attack|dehumanization|exclusion
v1_endorsement_rule,483,convabuse,0,0,none
v1_endorsement_rule,484,convabuse,0,0,none
v1_endorsement_rule,485,convabuse,0,0,none
v1_endorsement_rule,486,convabuse,0,1,threat
v1_endorsement_rule,487,toxic_spans,0,0,none
v1_endorsement_rule,488,convabuse,0,0,none
v1_endorsement_rule,489,toxic_spans,0,0,none
v1_endorsement_rule,490,convabuse,0,0,none
v1_endorsement_rule,491,convabuse,0,0,none
v1_endorsement_rule,492,convabuse,0,0,none
v1_endorsement_rule,493,convabuse,0,0,none
v1_endorsement_rule,494,convabuse,0,0,none
v1_endorsement_rule,495,toxic_spans,0,1,identity_attack|dehumanization|exclusion
v1_endorsement_rule,496,convabuse,0,0,none
v1_endorsement_rule,497,convabuse,0,0,none
v1_endorsement_rule,498,convabuse,0,0,none
v1_endorsement_rule,499,convabuse,0,0,none
v1_endorsement_rule,500,convabuse,0,0,none
v1_endorsement_rule,501,convabuse,0,0,none
v1_endorsement_rule,502,convabuse,0,0,none
v1_endorsement_rule,503,convabuse,0,1,identity_attack
v1_endorsement_rule,504,toxic_spans,0,0,none
v1_endorsement_rule,505,convabuse,0,0,none
v1_endorsement_rule,506,convabuse,0,0,none
v1_endorsement_rule,507,toxic_spans,0,1,threat
v1_endorsement_rule,508,convabuse,0,0,none
v1_endorsement_rule,509,convabuse,0,0,none
v1_endorsement_rule,510,convabuse,0,0,none
v1_endorsement_rule,511,toxic_spans,0,0,none
v1_endorsement_rule,512,toxic_spans,0,0,counterspeech
v1_endorsement_rule,513,convabuse,0,0,none
v1_endorsement_rule,514,toxic_spans,0,0,none
v1_endorsement_rule,515,toxic_spans,0,0,none
v1_endorsement_rule,516,toxic_spans,0,0,none
v1_endorsement_rule,517,toxic_spans,0,0,none
v1_endorsement_rule,518,convabuse,0,1,dehumanization
v1_endorsement_rule,519,toxic_spans,0,0,none
v1_endorsement_rule,520,toxic_spans,0,0,none
v1_endorsement_rule,521,convabuse,0,0,none
v1_endorsement_rule,522,toxic_spans,0,1,identity_attack|dehumanization|inferiority_claim
v1_endorsement_rule,523,convabuse,0,1,identity_attack|dehumanization
v1_endorsement_rule,524,convabuse,0,1,threat
v1_endorsement_rule,525,convabuse,0,0,none
v1_endorsement_rule,526,toxic_spans,0,1,identity_attack|exclusion|dehumanization
v1_endorsement_rule,527,convabuse,0,0,none
v1_endorsement_rule,528,convabuse,0,0,none
v1_endorsement_rule,529,convabuse,0,0,none
v1_endorsement_rule,530,convabuse,0,0,none
v1_endorsement_rule,531,convabuse,0,0,none
v1_endorsement_rule,532,convabuse,0,0,none
v1_endorsement_rule,533,convabuse,0,0,none
v1_endorsement_rule,534,convabuse,0,0,none
v1_endorsement_rule,535,tweet_eval_hate,0,0,none
v1_endorsement_rule,536,tweet_eval_hate,0,1,identity_attack
v1_endorsement_rule,537,tweet_eval_hate,0,0,none
v1_endorsement_rule,538,tweet_eval_hate,1,1,dehumanization|inferiority_claim
v1_endorsement_rule,539,tweet_eval_hate,0,0,none
v1_endorsement_rule,540,tweet_eval_hate,1,0,none
v1_endorsement_rule,541,tweet_eval_hate,0,1,dehumanization
v1_endorsement_rule,542,tweet_eval_hate,1,1,dehumanization
v1_endorsement_rule,543,tweet_eval_hate,1,0,none
v1_endorsement_rule,544,tweet_eval_offensive,0,0,none
v1_endorsement_rule,545,tweet_eval_hate,0,0,none
v1_endorsement_rule,546,tweet_eval_offensive,0,0,none
v1_endorsement_rule,547,tweet_eval_hate,1,0,none
v1_endorsement_rule,548,tweet_eval_offensive,0,0,none
v1_endorsement_rule,549,tweet_eval_hate,0,1,dehumanization
v1_endorsement_rule,550,tweet_eval_hate,0,0,none
v1_endorsement_rule,551,tweet_eval_hate,1,0,none
v1_endorsement_rule,552,tweet_eval_hate,0,1,identity_attack
v1_endorsement_rule,553,tweet_eval_hate,1,1,threat
v1_endorsement_rule,554,tweet_eval_hate,0,1,identity_attack
v1_endorsement_rule,555,tweet_eval_offensive,0,0,none
v1_endorsement_rule,556,tweet_eval_offensive,0,0,none
v1_endorsement_rule,557,tweet_eval_hate,1,1,identity_attack
v1_endorsement_rule,558,tweet_eval_hate,0,0,none
v1_endorsement_rule,559,tweet_eval_offensive,0,0,none
v1_endorsement_rule,560,tweet_eval_hate,1,0,none
v1_endorsement_rule,561,tweet_eval_hate,0,0,none
v1_endorsement_rule,562,tweet_eval_hate,0,1,identity_attack
v1_endorsement_rule,563,tweet_eval_hate,0,0,none
v1_endorsement_rule,564,tweet_eval_hate,0,1,identity_attack
v1_endorsement_rule,565,tweet_eval_offensive,0,0,none
v1_endorsement_rule,566,tweet_eval_hate,0,0,none
v1_endorsement_rule,567,tweet_eval_hate,0,0,none
v1_endorsement_rule,568,tweet_eval_hate,0,1,identity_attack
v1_endorsement_rule,569,tweet_eval_offensive,0,0,none
v1_endorsement_rule,570,tweet_eval_hate,1,1,dehumanization|threat
v1_endorsement_rule,571,tweet_eval_hate,0,1,identity_attack
v1_endorsement_rule,572,tweet_eval_hate,1,0,none
v1_endorsement_rule,573,tweet_eval_hate,0,1,dehumanization
v1_endorsement_rule,574,tweet_eval_hate,1,1,identity_attack
v1_endorsement_rule,575,tweet_eval_hate,0,0,none
v1_endorsement_rule,576,tweet_eval_hate,0,0,none
v1_endorsement_rule,577,tweet_eval_hate,1,0,none
v1_endorsement_rule,578,tweet_eval_offensive,0,0,none
v1_endorsement_rule,579,tweet_eval_hate,0,1,dehumanization
v1_endorsement_rule,580,tweet_eval_hate,0,1,protected_target
v1_endorsement_rule,581,tweet_eval_hate,1,1,dehumanization
v1_endorsement_rule,582,tweet_eval_offensive,0,0,none
v1_endorsement_rule,583,tweet_eval_hate,0,0,none
v1_endorsement_rule,584,tweet_eval_hate,0,1,dehumanization
v1_endorsement_rule,585,tweet_eval_hate,0,1,dehumanization
v1_endorsement_rule,586,tweet_eval_offensive,0,0,none
v1_endorsement_rule,587,tweet_eval_hate,0,1,dehumanization|exclusion
v1_endorsement_rule,588,tweet_eval_offensive,0,0,none
v1_endorsement_rule,589,tweet_eval_offensive,0,0,none
v1_endorsement_rule,590,tweet_eval_hate,1,1,dehumanization|exclusion
v1_endorsement_rule,591,tweet_eval_hate,0,0,none
v1_endorsement_rule,592,tweet_eval_hate,1,1,identity_attack|inferiority_claim
v1_endorsement_rule,593,tweet_eval_offensive,0,0,none
v1_endorsement_rule,594,tweet_eval_offensive,0,0,none
v1_endorsement_rule,595,tweet_eval_hate,1,1,identity_attack|inferiority_claim
v1_endorsement_rule,596,tweet_eval_offensive,0,1,exclusion|identity_attack
v1_endorsement_rule,597,tweet_eval_offensive,0,0,none
v1_endorsement_rule,598,tweet_eval_hate,0,1,identity_attack|dehumanization
v1_endorsement_rule,599,tweet_eval_offensive,0,0,none
v1_endorsement_rule,600,tweet_eval_hate,1,1,identity_attack|inferiority_claim
v1_endorsement_rule,601,tweet_eval_hate,0,0,quote_or_report
v1_endorsement_rule,602,tweet_eval_hate,0,1,identity_attack|protected_target
v1_endorsement_rule,603,tweet_eval_hate,1,1,dehumanization|inferiority_claim
v1_endorsement_rule,604,tweet_eval_offensive,0,0,none
v1_endorsement_rule,605,tweet_eval_offensive,0,0,none
v1_endorsement_rule,606,tweet_eval_hate,1,1,dehumanization|inferiority_claim
v1_endorsement_rule,607,tweet_eval_hate,1,1,dehumanization|inferiority_claim
v1_endorsement_rule,608,tweet_eval_hate,0,0,none
v1_endorsement_rule,609,tweet_eval_offensive,0,1,identity_attack|protected_target
v1_endorsement_rule,610,tweet_eval_hate,0,0,none
v1_endorsement_rule,611,tweet_eval_hate,1,1,dehumanization
v1_endorsement_rule,612,tweet_eval_offensive,0,0,quote_or_report
v1_endorsement_rule,613,tweet_eval_hate,0,0,none
v1_endorsement_rule,614,tweet_eval_offensive,0,0,none
v1_endorsement_rule,615,tweet_eval_hate,1,1,dehumanization
v1_endorsement_rule,616,tweet_eval_offensive,0,0,none
v1_endorsement_rule,617,tweet_eval_hate,1,1,threat
v1_endorsement_rule,618,tweet_eval_hate,0,1,dehumanization
v1_endorsement_rule,619,tweet_eval_hate,0,0,none
v1_endorsement_rule,620,tweet_eval_offensive,0,1,identity_attack
v1_endorsement_rule,621,tweet_eval_hate,1,1,identity_attack
v1_endorsement_rule,622,tweet_eval_offensive,0,0,none
v1_endorsement_rule,623,tweet_eval_offensive,0,0,none
v1_endorsement_rule,624,tweet_eval_hate,0,0,none
v1_endorsement_rule,625,tweet_eval_hate,1,0,none
v1_endorsement_rule,626,tweet_eval_hate,1,0,none
v1_endorsement_rule,627,tweet_eval_hate,0,0,none
v1_endorsement_rule,628,tweet_eval_hate,0,1,dehumanization
v1_endorsement_rule,629,tweet_eval_offensive,0,0,none
v1_endorsement_rule,630,tweet_eval_hate,0,0,none
v1_endorsement_rule,631,tweet_eval_hate,0,1,identity_attack
v1_endorsement_rule,632,tweet_eval_hate,0,0,none
v1_endorsement_rule,633,tweet_eval_hate,0,1,identity_attack
v1_endorsement_rule,634,tweet_eval_hate,0,0,none
v1_endorsement_rule,635,tweet_eval_hate,1,1,dehumanization
v1_endorsement_rule,636,tweet_eval_hate,1,0,none
v1_endorsement_rule,637,tweet_eval_offensive,0,0,none
v1_endorsement_rule,638,tweet_eval_offensive,0,0,none
v1_endorsement_rule,639,tweet_eval_hate,0,1,identity_attack
v1_endorsement_rule,640,tweet_eval_offensive,0,0,none
v1_endorsement_rule,641,tweet_eval_offensive,0,0,none
v1_endorsement_rule,642,tweet_eval_hate,0,0,none
v1_endorsement_rule,643,tweet_eval_hate,1,1,identity_attack|protected_target
v1_endorsement_rule,644,tweet_eval_offensive,0,0,none
v1_endorsement_rule,645,tweet_eval_hate,0,0,none
v1_endorsement_rule,646,tweet_eval_hate,1,1,threat|identity_attack
v1_endorsement_rule,647,tweet_eval_offensive,0,1,dehumanization|exclusion|identity_attack
v1_endorsement_rule,648,tweet_eval_hate,1,1,dehumanization|threat
v1_endorsement_rule,649,tweet_eval_hate,1,1,threat|identity_attack
v1_endorsement_rule,650,tweet_eval_hate,0,0,none
v1_endorsement_rule,651,tweet_eval_hate,0,0,none
v1_endorsement_rule,652,tweet_eval_hate,0,1,identity_attack|dehumanization
v1_endorsement_rule,653,tweet_eval_offensive,0,1,protected_target|exclusion
v1_endorsement_rule,654,tweet_eval_offensive,0,0,none
v1_endorsement_rule,655,tweet_eval_hate,0,0,none
v1_endorsement_rule,656,tweet_eval_offensive,0,0,none
v1_endorsement_rule,657,tweet_eval_hate,0,0,none
v1_endorsement_rule,658,tweet_eval_hate,1,1,protected_target|exclusion
v1_endorsement_rule,659,tweet_eval_hate,0,0,none
v1_endorsement_rule,660,tweet_eval_hate,0,1,identity_attack|dehumanization
v1_endorsement_rule,661,tweet_eval_hate,0,0,none
v1_endorsement_rule,662,tweet_eval_hate,0,0,none
v1_endorsement_rule,663,tweet_eval_hate,1,1,identity_attack
v1_endorsement_rule,664,tweet_eval_hate,1,1,identity_attack
v1_endorsement_rule,665,tweet_eval_hate,1,0,none
v1_endorsement_rule,666,tweet_eval_hate,1,1,identity_attack
v1_endorsement_rule,667,tweet_eval_hate,0,0,none
v1_endorsement_rule,668,tweet_eval_hate,1,1,dehumanization
v1_endorsement_rule,669,tweet_eval_hate,0,0,none
v1_endorsement_rule,670,tweet_eval_hate,1,1,identity_attack
v1_endorsement_rule,671,tweet_eval_hate,0,1,identity_attack
v1_endorsement_rule,672,tweet_eval_hate,1,1,exclusion|inferiority_claim
v1_endorsement_rule,673,tweet_eval_offensive,0,1,dehumanization
v1_endorsement_rule,674,tweet_eval_hate,0,0,none
v1_endorsement_rule,675,tweet_eval_hate,1,0,none
v1_endorsement_rule,676,tweet_eval_offensive,0,0,none
v1_endorsement_rule,677,tweet_eval_hate,1,1,identity_attack
v1_endorsement_rule,678,tweet_eval_hate,0,0,none
v1_endorsement_rule,679,tweet_eval_offensive,0,0,none
v1_endorsement_rule,680,tweet_eval_hate,0,0,none
v1_endorsement_rule,681,tweet_eval_hate,0,0,none
v1_endorsement_rule,682,tweet_eval_hate,1,1,threat|protected_target
v1_endorsement_rule,683,tweet_eval_hate,0,1,identity_attack|dehumanization
v1_endorsement_rule,684,tweet_eval_hate,0,0,none
v1_endorsement_rule,685,tweet_eval_hate,1,1,threat|protected_target
v1_endorsement_rule,686,tweet_eval_hate,1,0,none
v1_endorsement_rule,687,tweet_eval_offensive,0,0,none
v1_endorsement_rule,688,tweet_eval_offensive,0,1,threat|protected_target
v1_endorsement_rule,689,tweet_eval_offensive,0,0,counterspeech
v1_endorsement_rule,690,tweet_eval_hate,1,1,exclusion|protected_target
v1_endorsement_rule,691,tweet_eval_hate,1,0,none
v1_endorsement_rule,692,tweet_eval_hate,1,1,dehumanization|exclusion|identity_attack
v1_endorsement_rule,693,tweet_eval_hate,1,0,none
v1_endorsement_rule,694,tweet_eval_hate,1,0,none
v1_endorsement_rule,695,tweet_eval_hate,1,1,dehumanization|identity_attack
v1_endorsement_rule,696,tweet_eval_hate,1,1,exclusion|identity_attack
v1_endorsement_rule,697,tweet_eval_offensive,0,0,none
v1_endorsement_rule,698,tweet_eval_hate,1,1,dehumanization|exclusion|identity_attack
v1_endorsement_rule,699,tweet_eval_hate,1,1,exclusion|identity_attack|threat
v1_endorsement_rule,700,tweet_eval_hate,1,1,exclusion|identity_attack
v1_endorsement_rule,701,tweet_eval_hate,1,0,none
v1_endorsement_rule,702,tweet_eval_hate,1,1,identity_attack
v1_endorsement_rule,703,tweet_eval_hate,1,0,none
v1_endorsement_rule,704,tweet_eval_hate,1,1,identity_attack
v1_endorsement_rule,705,tweet_eval_offensive,0,0,none
v1_endorsement_rule,706,tweet_eval_offensive,0,0,none
v1_endorsement_rule,707,tweet_eval_offensive,0,1,identity_attack
v1_endorsement_rule,708,tweet_eval_offensive,0,0,none
v1_endorsement_rule,709,tweet_eval_offensive,0,0,none
v1_endorsement_rule,710,tweet_eval_offensive,0,0,none
v1_endorsement_rule,711,tweet_eval_offensive,0,0,none
v1_endorsement_rule,712,tweet_eval_offensive,0,0,none
v1_endorsement_rule,713,tweet_eval_offensive,0,0,none
v1_endorsement_rule,714,tweet_eval_offensive,0,0,none
v1_endorsement_rule,715,manual_edge,1,1,protected_target
v1_endorsement_rule,716,manual_edge,1,1,protected_target
v1_endorsement_rule,717,manual_edge,1,1,protected_target
v1_endorsement_rule,718,manual_edge,1,1,protected_target
v1_endorsement_rule,719,manual_edge,1,1,protected_target
v1_endorsement_rule,720,manual_edge,1,1,protected_target
v1_endorsement_rule,721,manual_edge,1,1,identity_attack
v1_endorsement_rule,722,manual_edge,1,1,exclusion
v1_endorsement_rule,723,manual_edge,1,1,identity_attack
v1_endorsement_rule,724,manual_edge,1,1,identity_attack
v1_endorsement_rule,725,manual_edge,0,0,quote_or_report
v1_endorsement_rule,726,manual_edge,0,0,quote_or_report
v1_endorsement_rule,727,manual_edge,0,0,quote_or_report
v1_endorsement_rule,728,manual_edge,0,0,quote_or_report
v1_endorsement_rule,729,manual_edge,0,0,quote_or_report
v1_endorsement_rule,730,manual_edge,0,0,quote_or_report
v1_endorsement_rule,731,manual_edge,0,0,quote_or_report
v1_endorsement_rule,732,manual_edge,0,0,quote_or_report
v1_endorsement_rule,733,manual_edge,0,1,identity_attack
v1_endorsement_rule,734,manual_edge,0,1,identity_attack
v1_endorsement_rule,735,manual_edge,0,1,identity_attack
v1_endorsement_rule,736,manual_edge,0,1,identity_attack
v1_endorsement_rule,737,manual_edge,0,0,counterspeech
v1_endorsement_rule,738,manual_edge,0,0,none
v1_endorsement_rule,739,manual_edge,0,0,counterspeech
v1_endorsement_rule,740,manual_edge,0,0,none
v1_endorsement_rule,741,manual_edge,0,0,quote_or_report
v1_endorsement_rule,742,manual_edge,0,0,none
v1_endorsement_rule,743,manual_edge,0,0,none
v1_endorsement_rule,744,manual_edge,0,0,none
v1_endorsement_rule,745,manual_edge,0,0,quote_or_report
v1_endorsement_rule,746,manual_edge,0,0,quote_or_report
v1_endorsement_rule,747,manual_edge,0,0,quote_or_report
v1_endorsement_rule,748,manual_edge,0,0,quote_or_report
v1_endorsement_rule,749,manual_edge,0,0,none
v1_endorsement_rule,750,manual_edge,0,0,none
v1_endorsement_rule,751,manual_edge,0,0,none
v1_endorsement_rule,752,manual_edge,0,0,none
v1_endorsement_rule,753,manual_edge,0,0,none
v1_endorsement_rule,754,manual_edge,0,0,none
v1_endorsement_rule,755,manual_edge,0,0,none
v1_endorsement_rule,756,manual_edge,0,0,none
v1_endorsement_rule,757,manual_edge,0,0,none
v1_endorsement_rule,758,manual_edge,0,0,none
v1_endorsement_rule,759,manual_edge,0,0,none
v1_endorsement_rule,760,manual_edge,0,0,none
v1_endorsement_rule,761,manual_edge,0,0,none
v1_endorsement_rule,762,manual_edge,0,0,none
v1_endorsement_rule,763,manual_edge,0,1,identity_attack
v1_endorsement_rule,764,manual_edge,0,0,quote_or_report
v1_endorsement_rule,765,manual_edge,0,0,none
v1_endorsement_rule,766,manual_edge,0,1,threat
v1_endorsement_rule,767,manual_edge,1,1,identity_attack
v1_endorsement_rule,768,manual_edge,1,1,identity_attack
v1_endorsement_rule,769,manual_edge,0,0,quote_or_report
v1_endorsement_rule,770,manual_edge,0,0,counterspeech
v1_endorsement_rule,771,manual_edge,0,0,quote_or_report
v1_endorsement_rule,772,manual_edge,0,0,none
v1_endorsement_rule,773,manual_edge,0,0,none
v1_endorsement_rule,774,manual_edge,0,0,none
v1_endorsement_rule,775,manual_edge,0,0,none
v1_endorsement_rule,776,manual_edge,0,0,none
v1_endorsement_rule,777,manual_edge,0,0,none
v1_endorsement_rule,778,manual_edge,0,0,none
v1_endorsement_rule,779,manual_edge,0,0,quote_or_report
v1_endorsement_rule,780,manual_edge,0,0,quote_or_report
v1_endorsement_rule,781,manual_edge,0,0,none
v1_endorsement_rule,782,manual_edge,0,0,none
v1_endorsement_rule,783,manual_edge,0,0,none
v1_endorsement_rule,784,manual_edge,0,1,identity_attack
v1_endorsement_rule,785,manual_edge,1,1,identity_attack
v1_endorsement_rule,786,manual_edge,0,0,none
v1_endorsement_rule,787,manual_edge,1,1,inferiority_claim
v1_endorsement_rule,788,manual_edge,1,1,identity_attack
v1_endorsement_rule,789,manual_edge,0,0,none
v1_endorsement_rule,790,manual_edge,0,0,counterspeech
v1_endorsement_rule,791,manual_edge,0,0,none
v1_endorsement_rule,792,manual_edge,0,0,quote_or_report
v1_endorsement_rule,793,manual_edge,0,1,identity_attack
v1_endorsement_rule,794,manual_edge,0,0,counterspeech
v1_endorsement_rule,795,manual_edge,0,0,none
v1_endorsement_rule,796,manual_edge,0,0,none
v1_endorsement_rule,797,manual_edge,0,0,none
v1_endorsement_rule,798,manual_edge,0,0,none
v1_endorsement_rule,799,manual_edge,0,0,none
v1_endorsement_rule,800,manual_edge,0,0,none
v2_context_first,1,davidson,0,0,none
v2_context_first,2,hatexplain,0,0,none
v2_context_first,3,toxic_spans,0,1,identity_attack|dehumanization
v2_context_first,4,measuring_hate_speech,1,1,identity_attack|dehumanization
v2_context_first,5,dynahate,1,0,none
v2_context_first,6,dynahate,1,1,inferiority_claim
v2_context_first,7,measuring_hate_speech,0,0,none
v2_context_first,8,davidson,0,0,none
v2_context_first,9,davidson,0,0,none
v2_context_first,10,davidson,0,1,identity_attack|dehumanization
v2_context_first,11,measuring_hate_speech,1,1,dehumanization
v2_context_first,12,hatexplain,0,0,quote_or_report
v2_context_first,13,dynahate,0,0,quote_or_report
v2_context_first,14,hatecheck,1,1,dehumanization
v2_context_first,15,measuring_hate_speech,0,1,identity_attack
v2_context_first,16,hatexplain,0,1,dehumanization
v2_context_first,17,dynahate,1,0,quote_or_report
v2_context_first,18,measuring_hate_speech,1,0,quote_or_report
v2_context_first,19,davidson,0,1,dehumanization
v2_context_first,20,davidson,0,0,quote_or_report
v2_context_first,21,measuring_hate_speech,0,0,quote_or_report
v2_context_first,22,toxic_spans,0,0,none
v2_context_first,23,measuring_hate_speech,0,0,none
v2_context_first,24,davidson,0,1,dehumanization
v2_context_first,25,davidson,0,0,none
v2_context_first,26,dynahate,1,1,identity_attack
v2_context_first,27,measuring_hate_speech,0,0,none
v2_context_first,28,davidson,0,0,none
v2_context_first,29,measuring_hate_speech,0,1,dehumanization
v2_context_first,30,davidson,0,0,none
v2_context_first,31,dynahate,1,1,dehumanization
v2_context_first,32,measuring_hate_speech,1,1,identity_attack|threat
v2_context_first,33,convabuse,0,0,none
v2_context_first,34,davidson,0,1,dehumanization
v2_context_first,35,dynahate,1,0,quote_or_report
v2_context_first,36,dynahate,1,0,counterspeech
v2_context_first,37,hatexplain,0,1,exclusion
v2_context_first,38,measuring_hate_speech,0,0,none
v2_context_first,39,dynahate,0,0,none
v2_context_first,40,measuring_hate_speech,1,1,identity_attack
v2_context_first,41,measuring_hate_speech,0,1,dehumanization
v2_context_first,42,measuring_hate_speech,0,0,quote_or_report
v2_context_first,43,hatexplain,0,0,none
v2_context_first,44,measuring_hate_speech,0,1,identity_attack
v2_context_first,45,davidson,0,0,none
v2_context_first,46,measuring_hate_speech,1,1,dehumanization
v2_context_first,47,hatemoji_build,1,1,identity_attack
v2_context_first,48,measuring_hate_speech,0,0,none
v2_context_first,49,measuring_hate_speech,0,1,dehumanization
v2_context_first,50,hatexplain,0,0,quote_or_report
v2_context_first,51,davidson,0,1,identity_attack
v2_context_first,52,dynahate,1,1,dehumanization
v2_context_first,53,toxic_spans,0,1,exclusion|identity_attack
v2_context_first,54,dynahate,0,0,quote_or_report
v2_context_first,55,davidson,0,0,none
v2_context_first,56,convabuse,0,0,none
v2_context_first,57,dynahate,0,0,none
v2_context_first,58,measuring_hate_speech,0,0,none
v2_context_first,59,dynahate,0,0,counterspeech
v2_context_first,60,dynahate,0,0,none
v2_context_first,61,measuring_hate_speech,0,0,quote_or_report
v2_context_first,62,dynahate,0,0,none
v2_context_first,63,dynahate,1,0,none
v2_context_first,64,davidson,0,0,none
v2_context_first,65,davidson,0,1,identity_attack
v2_context_first,66,davidson,0,0,none
v2_context_first,67,dynahate,1,1,dehumanization|exclusion
v2_context_first,68,dynahate,0,0,none
v2_context_first,69,dynahate,0,1,identity_attack|dehumanization
v2_context_first,70,measuring_hate_speech,1,1,identity_attack|exclusion|threat
v2_context_first,71,measuring_hate_speech,1,1,identity_attack
v2_context_first,72,davidson,0,1,identity_attack
v2_context_first,73,dynahate,0,0,none
v2_context_first,74,davidson,0,0,quote_or_report
v2_context_first,75,hatemoji_build,1,0,none
v2_context_first,76,measuring_hate_speech,0,0,none
v2_context_first,77,measuring_hate_speech,0,1,identity_attack
v2_context_first,78,measuring_hate_speech,0,0,quote_or_report
v2_context_first,79,convabuse,0,0,none
v2_context_first,80,dynahate,0,0,none
v2_context_first,81,hatexplain,0,1,identity_attack
v2_context_first,82,davidson,0,0,quote_or_report
v2_context_first,83,hatexplain,0,1,dehumanization
v2_context_first,84,measuring_hate_speech,1,1,identity_attack
v2_context_first,85,dynahate,1,1,identity_attack
v2_context_first,86,hatecheck,1,1,threat
v2_context_first,87,davidson,0,1,identity_attack
v2_context_first,88,dynahate,0,0,none
v2_context_first,89,dynahate,1,0,none
v2_context_first,90,measuring_hate_speech,0,0,counterspeech
v2_context_first,91,hatexplain,0,1,identity_attack
v2_context_first,92,measuring_hate_speech,0,1,identity_attack
v2_context_first,93,measuring_hate_speech,1,1,identity_attack
v2_context_first,94,dynahate,1,0,quote_or_report
v2_context_first,95,toxic_spans,0,1,dehumanization|inferiority_claim
v2_context_first,96,dynahate,1,1,identity_attack
v2_context_first,97,dynahate,1,1,identity_attack|inferiority_claim
v2_context_first,98,dynahate,1,1,identity_attack
v2_context_first,99,measuring_hate_speech,0,0,quote_or_report
v2_context_first,100,dynahate,0,0,counterspeech
v2_context_first,101,hatexplain,0,1,identity_attack
v2_context_first,102,davidson,0,1,identity_attack
v2_context_first,103,hatemoji_build,0,0,quote_or_report
v2_context_first,104,toxic_spans,0,0,quote_or_report
v2_context_first,105,toxic_spans,0,0,quote_or_report
v2_context_first,106,davidson,0,0,quote_or_report
v2_context_first,107,dynahate,1,1,identity_attack
v2_context_first,108,measuring_hate_speech,0,0,quote_or_report
v2_context_first,109,hatexplain,0,0,quote_or_report
v2_context_first,110,toxic_spans,0,1,identity_attack
v2_context_first,111,dynahate,1,0,quote_or_report
v2_context_first,112,dynahate,0,1,identity_attack|dehumanization|threat
v2_context_first,113,dynahate,1,1,identity_attack|dehumanization
v2_context_first,114,measuring_hate_speech,1,0,quote_or_report
v2_context_first,115,dynahate,0,0,quote_or_report
v2_context_first,116,dynahate,1,1,identity_attack|dehumanization
v2_context_first,117,measuring_hate_speech,0,1,exclusion|threat
v2_context_first,118,dynahate,1,0,quote_or_report
v2_context_first,119,toxic_spans,0,0,none
v2_context_first,120,toxic_spans,0,0,quote_or_report
v2_context_first,121,toxic_spans,0,0,quote_or_report
v2_context_first,122,dynahate,1,1,identity_attack|dehumanization
v2_context_first,123,convabuse,0,0,none
v2_context_first,124,hatexplain,0,0,none
v2_context_first,125,measuring_hate_speech,0,0,none
v2_context_first,126,dynahate,1,1,identity_attack|dehumanization
v2_context_first,127,davidson,0,0,none
v2_context_first,128,davidson,0,0,none
v2_context_first,129,dynahate,0,0,none
v2_context_first,130,davidson,0,0,quote_or_report
v2_context_first,131,dynahate,1,0,quote_or_report
v2_context_first,132,dynahate,0,1,identity_attack|dehumanization|threat
v2_context_first,133,measuring_hate_speech,1,1,identity_attack|exclusion|threat
v2_context_first,134,measuring_hate_speech,0,0,quote_or_report
v2_context_first,135,davidson,0,0,none
v2_context_first,136,toxic_spans,0,0,none
v2_context_first,137,davidson,0,0,none
v2_context_first,138,dynahate,1,1,identity_attack|threat
v2_context_first,139,dynahate,0,0,quote_or_report
v2_context_first,140,hatexplain,0,0,none
v2_context_first,141,hatemoji_build,1,1,identity_attack
v2_context_first,142,dynahate,0,0,quote_or_report
v2_context_first,143,davidson,0,0,none
v2_context_first,144,dynahate,1,1,identity_attack
v2_context_first,145,hatemoji_build,1,0,none
v2_context_first,146,measuring_hate_speech,0,0,none
v2_context_first,147,davidson,0,1,identity_attack
v2_context_first,148,measuring_hate_speech,1,0,none
v2_context_first,149,toxic_spans,0,0,none
v2_context_first,150,hatecheck,1,1,identity_attack
v2_context_first,151,hatecheck,1,1,inferiority_claim
v2_context_first,152,measuring_hate_speech,0,0,quote_or_report
v2_context_first,153,hatexplain,1,1,identity_attack
v2_context_first,154,toxic_spans,0,0,quote_or_report
v2_context_first,155,davidson,0,0,quote_or_report
v2_context_first,156,hatexplain,0,0,quote_or_report
v2_context_first,157,measuring_hate_speech,0,0,quote_or_report
v2_context_first,158,convabuse,0,0,none
v2_context_first,159,hatecheck,0,0,counterspeech
v2_context_first,160,toxic_spans,0,0,quote_or_report
v2_context_first,161,measuring_hate_speech,1,1,identity_attack
v2_context_first,162,measuring_hate_speech,1,1,identity_attack
v2_context_first,163,measuring_hate_speech,1,1,identity_attack
v2_context_first,164,measuring_hate_speech,0,0,counterspeech
v2_context_first,165,measuring_hate_speech,0,0,none
v2_context_first,166,davidson,0,1,identity_attack
v2_context_first,167,measuring_hate_speech,0,0,none
v2_context_first,168,davidson,0,0,none
v2_context_first,169,toxic_spans,0,0,counterspeech
v2_context_first,170,dynahate,1,1,identity_attack
v2_context_first,171,measuring_hate_speech,0,0,quote_or_report
v2_context_first,172,hatexplain,0,0,quote_or_report
v2_context_first,173,dynahate,1,0,none
v2_context_first,174,hatecheck,1,0,quote_or_report
v2_context_first,175,toxic_spans,0,0,counterspeech
v2_context_first,176,toxic_spans,0,0,none
v2_context_first,177,hatemoji_build,0,0,none
v2_context_first,178,measuring_hate_speech,1,1,identity_attack|dehumanization|inferiority_claim
v2_context_first,179,dynahate,0,1,identity_attack|dehumanization|inferiority_claim
v2_context_first,180,convabuse,0,0,none
v2_context_first,181,davidson,0,0,quote_or_report
v2_context_first,182,davidson,0,0,quote_or_report
v2_context_first,183,dynahate,1,0,quote_or_report
v2_context_first,184,hatexplain,0,0,quote_or_report
v2_context_first,185,measuring_hate_speech,0,0,quote_or_report
v2_context_first,186,measuring_hate_speech,0,0,quote_or_report
v2_context_first,187,dynahate,0,0,quote_or_report
v2_context_first,188,hatemoji_build,0,0,counterspeech
v2_context_first,189,measuring_hate_speech,1,0,quote_or_report
v2_context_first,190,toxic_spans,0,0,none
v2_context_first,191,davidson,1,1,dehumanization
v2_context_first,192,dynahate,0,0,none
v2_context_first,193,measuring_hate_speech,1,0,none
v2_context_first,194,hatemoji_build,0,0,none
v2_context_first,195,hatemoji_build,1,1,dehumanization
v2_context_first,196,dynahate,0,0,none
v2_context_first,197,davidson,0,1,identity_attack
v2_context_first,198,dynahate,0,0,none
v2_context_first,199,measuring_hate_speech,1,0,none
v2_context_first,200,measuring_hate_speech,0,0,none
v2_context_first,201,toxic_spans,0,0,quote_or_report
v2_context_first,202,davidson,0,0,none
v2_context_first,203,toxic_spans,0,0,none
v2_context_first,204,toxic_spans,0,0,none
v2_context_first,205,measuring_hate_speech,1,1,identity_attack
v2_context_first,206,measuring_hate_speech,0,0,none
v2_context_first,207,dynahate,1,0,none
v2_context_first,208,measuring_hate_speech,0,0,dehumanization
v2_context_first,209,dynahate,1,1,identity_attack
v2_context_first,210,davidson,0,0,none
v2_context_first,211,hatexplain,0,1,dehumanization|identity_attack
v2_context_first,212,measuring_hate_speech,1,1,dehumanization|identity_attack
v2_context_first,213,hatecheck,1,1,dehumanization|identity_attack
v2_context_first,214,hatexplain,0,1,dehumanization|identity_attack
v2_context_first,215,measuring_hate_speech,0,1,identity_attack
v2_context_first,216,hatemoji_build,1,1,dehumanization|identity_attack
v2_context_first,217,hatexplain,0,0,quote_or_report
v2_context_first,218,hatemoji_check,1,1,identity_attack
v2_context_first,219,toxic_spans,0,0,quote_or_report
v2_context_first,220,measuring_hate_speech,1,1,dehumanization|identity_attack
v2_context_first,221,measuring_hate_speech,1,1,identity_attack
v2_context_first,222,toxic_spans,0,0,quote_or_report
v2_context_first,223,hatexplain,0,0,quote_or_report
v2_context_first,224,toxic_spans,0,0,quote_or_report
v2_context_first,225,toxic_spans,0,0,none
v2_context_first,226,measuring_hate_speech,0,1,identity_attack
v2_context_first,227,hatemoji_build,0,1,identity_attack
v2_context_first,228,measuring_hate_speech,0,0,quote_or_report
v2_context_first,229,measuring_hate_speech,0,0,none
v2_context_first,230,measuring_hate_speech,0,1,identity_attack
v2_context_first,231,hatexplain,0,1,identity_attack
v2_context_first,232,measuring_hate_speech,0,0,quote_or_report
v2_context_first,233,dynahate,0,0,quote_or_report
v2_context_first,234,measuring_hate_speech,0,0,quote_or_report
v2_context_first,235,dynahate,0,0,none
v2_context_first,236,measuring_hate_speech,0,1,identity_attack
v2_context_first,237,davidson,0,0,none
v2_context_first,238,hatexplain,0,0,none
v2_context_first,239,toxic_spans,0,1,identity_attack
v2_context_first,240,dynahate,1,1,identity_attack
v2_context_first,241,measuring_hate_speech,0,0,quote_or_report
v2_context_first,242,measuring_hate_speech,1,0,quote_or_report
v2_context_first,243,hatexplain,1,1,identity_attack|dehumanization|threat
v2_context_first,244,hatexplain,0,1,identity_attack|dehumanization|threat
v2_context_first,245,measuring_hate_speech,0,0,quote_or_report
v2_context_first,246,measuring_hate_speech,0,0,quote_or_report
v2_context_first,247,dynahate,0,0,quote_or_report
v2_context_first,248,measuring_hate_speech,1,1,identity_attack|dehumanization|threat
v2_context_first,249,measuring_hate_speech,0,0,quote_or_report
v2_context_first,250,dynahate,0,0,none
v2_context_first,251,dynahate,1,1,identity_attack
v2_context_first,252,hatexplain,0,0,quote_or_report
v2_context_first,253,toxic_spans,0,0,none
v2_context_first,254,hatemoji_build,0,0,none
v2_context_first,255,measuring_hate_speech,0,0,none
v2_context_first,256,dynahate,0,0,none
v2_context_first,257,dynahate,0,0,none
v2_context_first,258,convabuse,0,0,none
v2_context_first,259,davidson,0,0,none
v2_context_first,260,dynahate,0,0,none
v2_context_first,261,hatecheck,1,1,identity_attack
v2_context_first,262,davidson,1,1,identity_attack
v2_context_first,263,measuring_hate_speech,0,0,quote_or_report
v2_context_first,264,convabuse,0,0,none
v2_context_first,265,toxic_spans,0,1,threat
v2_context_first,266,hatemoji_build,1,1,identity_attack
v2_context_first,267,hatexplain,0,0,none
v2_context_first,268,hatexplain,0,0,none
v2_context_first,269,dynahate,0,1,identity_attack
v2_context_first,270,davidson,0,0,none
v2_context_first,271,measuring_hate_speech,0,0,none
v2_context_first,272,measuring_hate_speech,0,1,identity_attack|dehumanization|exclusion
v2_context_first,273,hatexplain,0,0,counterspeech
v2_context_first,274,measuring_hate_speech,1,0,none
v2_context_first,275,davidson,0,0,quote_or_report
v2_context_first,276,dynahate,0,0,counterspeech
v2_context_first,277,hatexplain,0,0,none
v2_context_first,278,toxic_spans,0,0,none
v2_context_first,279,dynahate,1,0,none
v2_context_first,280,dynahate,1,0,counterspeech
v2_context_first,281,measuring_hate_speech,1,0,quote_or_report
v2_context_first,282,hatexplain,0,0,quote_or_report
v2_context_first,283,measuring_hate_speech,0,0,quote_or_report
v2_context_first,284,davidson,1,1,identity_attack
v2_context_first,285,davidson,0,0,quote_or_report
v2_context_first,286,dynahate,0,0,quote_or_report
v2_context_first,287,hatemoji_build,0,0,none
v2_context_first,288,measuring_hate_speech,1,0,none
v2_context_first,289,measuring_hate_speech,0,0,quote_or_report
v2_context_first,290,measuring_hate_speech,0,1,identity_attack
v2_context_first,291,dynahate,1,1,identity_attack
v2_context_first,292,davidson,0,1,identity_attack
v2_context_first,293,convabuse,0,0,none
v2_context_first,294,measuring_hate_speech,1,1,identity_attack
v2_context_first,295,toxic_spans,0,0,none
v2_context_first,296,dynahate,1,0,none
v2_context_first,297,davidson,0,1,identity_attack
v2_context_first,298,measuring_hate_speech,0,1,identity_attack
v2_context_first,299,davidson,0,0,none
v2_context_first,300,dynahate,0,0,none
v2_context_first,301,toxic_spans,0,0,none
v2_context_first,302,dynahate,0,0,none
v2_context_first,303,measuring_hate_speech,1,1,identity_attack
v2_context_first,304,measuring_hate_speech,1,0,quote_or_report
v2_context_first,305,davidson,0,0,none
v2_context_first,306,dynahate,1,0,none
v2_context_first,307,dynahate,0,0,quote_or_report
v2_context_first,308,dynahate,1,1,identity_attack
v2_context_first,309,davidson,0,0,none
v2_context_first,310,toxic_spans,0,0,quote_or_report
v2_context_first,311,hatecheck,0,1,identity_attack
v2_context_first,312,hatexplain,0,1,identity_attack
v2_context_first,313,davidson,0,0,quote_or_report
v2_context_first,314,davidson,0,0,quote_or_report
v2_context_first,315,toxic_spans,0,0,quote_or_report
v2_context_first,316,measuring_hate_speech,0,1,identity_attack
v2_context_first,317,dynahate,0,0,quote_or_report
v2_context_first,318,dynahate,1,1,dehumanization
v2_context_first,319,dynahate,0,0,quote_or_report
v2_context_first,320,toxic_spans,0,0,none
v2_context_first,321,dynahate,1,1,identity_attack
v2_context_first,322,toxic_spans,0,0,quote_or_report
v2_context_first,323,toxic_spans,0,0,quote_or_report
v2_context_first,324,dynahate,1,1,identity_attack
v2_context_first,325,davidson,0,1,threat
v2_context_first,326,dynahate,0,0,quote_or_report
v2_context_first,327,dynahate,0,0,none
v2_context_first,328,dynahate,0,0,none
v2_context_first,329,dynahate,1,1,identity_attack
v2_context_first,330,toxic_spans,0,0,quote_or_report
v2_context_first,331,davidson,0,0,quote_or_report
v2_context_first,332,dynahate,1,1,identity_attack|dehumanization
v2_context_first,333,dynahate,1,1,identity_attack|dehumanization
v2_context_first,334,measuring_hate_speech,0,0,quote_or_report
v2_context_first,335,toxic_spans,0,1,threat|identity_attack
v2_context_first,336,davidson,0,1,identity_attack|dehumanization
v2_context_first,337,hatexplain,0,0,none
v2_context_first,338,toxic_spans,0,0,none
v2_context_first,339,hatexplain,1,1,identity_attack|dehumanization
v2_context_first,340,davidson,0,0,none
v2_context_first,341,davidson,0,0,none
v2_context_first,342,convabuse,0,0,none
v2_context_first,343,hatecheck,0,1,identity_attack
v2_context_first,344,dynahate,1,0,quote_or_report
v2_context_first,345,dynahate,1,0,none
v2_context_first,346,measuring_hate_speech,0,1,identity_attack
v2_context_first,347,hatexplain,1,1,identity_attack
v2_context_first,348,toxic_spans,0,0,none
v2_context_first,349,toxic_spans,0,0,none
v2_context_first,350,hatexplain,0,0,none
v2_context_first,351,davidson,0,0,none
v2_context_first,352,hatexplain,0,0,quote_or_report
v2_context_first,353,dynahate,1,1,identity_attack
v2_context_first,354,davidson,0,0,none
v2_context_first,355,dynahate,1,0,none
v2_context_first,356,davidson,0,1,identity_attack
v2_context_first,357,davidson,0,0,quote_or_report
v2_context_first,358,toxic_spans,0,0,none
v2_context_first,359,toxic_spans,0,0,none
v2_context_first,360,hatexplain,0,0,quote_or_report
v2_context_first,361,hatemoji_check,0,0,quote_or_report
v2_context_first,362,measuring_hate_speech,0,0,none
v2_context_first,363,davidson,0,0,none
v2_context_first,364,davidson,0,0,none
v2_context_first,365,dynahate,1,0,none
v2_context_first,366,dynahate,1,1,dehumanization|exclusion|identity_attack|threat
v2_context_first,367,toxic_spans,0,0,none
v2_context_first,368,davidson,0,0,none
v2_context_first,369,toxic_spans,0,1,dehumanization|exclusion|identity_attack|threat
v2_context_first,370,davidson,0,0,none
v2_context_first,371,toxic_spans,0,0,quote_or_report
v2_context_first,372,toxic_spans,0,1,identity_attack
v2_context_first,373,davidson,0,1,identity_attack
v2_context_first,374,hatexplain,0,0,quote_or_report
v2_context_first,375,hatexplain,1,1,identity_attack
v2_context_first,376,toxic_spans,0,0,quote_or_report
v2_context_first,377,dynahate,1,0,none
v2_context_first,378,toxic_spans,0,0,none
v2_context_first,379,davidson,0,0,quote_or_report
v2_context_first,380,measuring_hate_speech,0,1,identity_attack
v2_context_first,381,hatemoji_check,1,1,dehumanization
v2_context_first,382,hatemoji_check,1,0,quote_or_report
v2_context_first,383,dynahate,1,1,dehumanization
v2_context_first,384,toxic_spans,0,1,identity_attack
v2_context_first,385,toxic_spans,0,1,identity_attack
v2_context_first,386,convabuse,0,0,none
v2_context_first,387,hatemoji_check,0,0,none
v2_context_first,388,measuring_hate_speech,0,0,none
v2_context_first,389,dynahate,1,1,identity_attack
v2_context_first,390,convabuse,0,0,none
v2_context_first,391,hatexplain,1,1,identity_attack
v2_context_first,392,measuring_hate_speech,0,0,quote_or_report
v2_context_first,393,convabuse,0,0,none
v2_context_first,394,davidson,0,0,none
v2_context_first,395,hatexplain,1,1,identity_attack
v2_context_first,396,dynahate,1,1,identity_attack
v2_context_first,397,dynahate,1,0,none
v2_context_first,398,toxic_spans,0,0,none
v2_context_first,399,toxic_spans,0,1,identity_attack
v2_context_first,400,hatexplain,1,1,identity_attack
v2_context_first,401,toxic_spans,0,0,none
v2_context_first,402,toxic_spans,0,0,none
v2_context_first,403,toxic_spans,0,0,none
v2_context_first,404,toxic_spans,0,0,none
v2_context_first,405,hatexplain,1,1,dehumanization|identity_attack|threat
v2_context_first,406,toxic_spans,0,0,none
v2_context_first,407,toxic_spans,0,0,none
v2_context_first,408,convabuse,0,0,none
v2_context_first,409,measuring_hate_speech,0,0,none
v2_context_first,410,hatexplain,1,1,dehumanization|identity_attack|threat
v2_context_first,411,toxic_spans,0,0,quote_or_report
v2_context_first,412,hatexplain,1,0,quote_or_report
v2_context_first,413,toxic_spans,0,1,dehumanization|exclusion|identity_attack|threat
v2_context_first,414,toxic_spans,0,0,quote_or_report
v2_context_first,415,toxic_spans,0,0,none
v2_context_first,416,toxic_spans,0,0,none
v2_context_first,417,convabuse,0,0,none
v2_context_first,418,measuring_hate_speech,0,0,quote_or_report
v2_context_first,419,measuring_hate_speech,0,1,dehumanization|exclusion|identity_attack|threat
v2_context_first,420,hatexplain,1,0,none
v2_context_first,421,hatexplain,1,1,identity_attack|dehumanization|threat
v2_context_first,422,hatexplain,1,1,identity_attack|dehumanization|threat
v2_context_first,423,hatemoji_check,1,0,none
v2_context_first,424,convabuse,0,0,none
v2_context_first,425,hatexplain,1,1,identity_attack|dehumanization
v2_context_first,426,measuring_hate_speech,0,1,identity_attack|dehumanization
v2_context_first,427,convabuse,0,0,none
v2_context_first,428,convabuse,0,0,none
v2_context_first,429,convabuse,0,0,none
v2_context_first,430,measuring_hate_speech,0,0,none
v2_context_first,431,hatexplain,1,1,identity_attack
v2_context_first,432,hatemoji_check,1,1,threat
v2_context_first,433,convabuse,0,0,quote_or_report
v2_context_first,434,convabuse,0,0,quote_or_report
v2_context_first,435,hatemoji_check,1,0,quote_or_report
v2_context_first,436,hatemoji_check,1,0,quote_or_report
v2_context_first,437,convabuse,0,0,quote_or_report
v2_context_first,438,measuring_hate_speech,0,0,quote_or_report
v2_context_first,439,measuring_hate_speech,0,0,quote_or_report
v2_context_first,440,convabuse,0,0,quote_or_report
v2_context_first,441,measuring_hate_speech,0,0,quote_or_report
v2_context_first,442,measuring_hate_speech,0,0,none
v2_context_first,443,convabuse,0,0,none
v2_context_first,444,measuring_hate_speech,0,0,none
v2_context_first,445,hatemoji_check,0,0,none
v2_context_first,446,convabuse,0,0,none
v2_context_first,447,measuring_hate_speech,0,1,identity_attack|dehumanization
v2_context_first,448,measuring_hate_speech,0,1,identity_attack|dehumanization
v2_context_first,449,convabuse,0,0,none
v2_context_first,450,measuring_hate_speech,0,1,identity_attack|dehumanization
v2_context_first,451,convabuse,0,0,none
v2_context_first,452,convabuse,0,0,none
v2_context_first,453,measuring_hate_speech,0,1,identity_attack
v2_context_first,454,measuring_hate_speech,0,1,identity_attack
v2_context_first,455,convabuse,0,0,none
v2_context_first,456,measuring_hate_speech,0,1,dehumanization
v2_context_first,457,measuring_hate_speech,0,1,identity_attack
v2_context_first,458,measuring_hate_speech,0,1,inferiority_claim|identity_attack
v2_context_first,459,convabuse,0,0,none
v2_context_first,460,measuring_hate_speech,0,1,identity_attack
v2_context_first,461,measuring_hate_speech,0,1,identity_attack
v2_context_first,462,measuring_hate_speech,0,0,quote_or_report
v2_context_first,463,measuring_hate_speech,0,0,quote_or_report
v2_context_first,464,measuring_hate_speech,0,0,quote_or_report
v2_context_first,465,convabuse,0,0,none
v2_context_first,466,measuring_hate_speech,0,0,none
v2_context_first,467,measuring_hate_speech,0,1,dehumanization
v2_context_first,468,convabuse,0,0,none
v2_context_first,469,measuring_hate_speech,0,1,identity_attack
v2_context_first,470,convabuse,0,0,quote_or_report
v2_context_first,471,measuring_hate_speech,0,0,quote_or_report
v2_context_first,472,measuring_hate_speech,0,1,identity_attack
v2_context_first,473,convabuse,0,0,none
v2_context_first,474,measuring_hate_speech,0,0,none
v2_context_first,475,convabuse,0,0,none
v2_context_first,476,measuring_hate_speech,0,0,none
v2_context_first,477,convabuse,0,0,none
v2_context_first,478,convabuse,0,0,none
v2_context_first,479,convabuse,0,0,none
v2_context_first,480,measuring_hate_speech,0,0,none
v2_context_first,481,measuring_hate_speech,0,0,quote_or_report
v2_context_first,482,measuring_hate_speech,0,1,identity_attack|dehumanization|inferiority_claim
v2_context_first,483,convabuse,0,0,none
v2_context_first,484,convabuse,0,0,none
v2_context_first,485,convabuse,0,0,none
v2_context_first,486,convabuse,0,1,threat
v2_context_first,487,toxic_spans,0,0,none
v2_context_first,488,convabuse,0,0,none
v2_context_first,489,toxic_spans,0,0,none
v2_context_first,490,convabuse,0,0,none
v2_context_first,491,convabuse,0,0,none
v2_context_first,492,convabuse,0,0,none
v2_context_first,493,convabuse,0,0,none
v2_context_first,494,convabuse,0,0,none
v2_context_first,495,toxic_spans,0,1,identity_attack|dehumanization|inferiority_claim
v2_context_first,496,convabuse,0,0,none
v2_context_first,497,convabuse,0,0,none
v2_context_first,498,convabuse,0,0,none
v2_context_first,499,convabuse,0,0,none
v2_context_first,500,convabuse,0,0,none
v2_context_first,501,convabuse,0,0,none
v2_context_first,502,convabuse,0,0,quote_or_report
v2_context_first,503,convabuse,0,0,none
v2_context_first,504,toxic_spans,0,0,none
v2_context_first,505,convabuse,0,0,none
v2_context_first,506,convabuse,0,0,none
v2_context_first,507,toxic_spans,0,1,threat
v2_context_first,508,convabuse,0,0,none
v2_context_first,509,convabuse,0,0,none
v2_context_first,510,convabuse,0,0,none
v2_context_first,511,toxic_spans,0,0,counterspeech
v2_context_first,512,toxic_spans,0,0,quote_or_report
v2_context_first,513,convabuse,0,0,none
v2_context_first,514,toxic_spans,0,0,none
v2_context_first,515,toxic_spans,0,0,none
v2_context_first,516,toxic_spans,0,0,none
v2_context_first,517,toxic_spans,0,0,none
v2_context_first,518,convabuse,0,0,counterspeech
v2_context_first,519,toxic_spans,0,0,none
v2_context_first,520,toxic_spans,0,0,none
v2_context_first,521,convabuse,0,0,none
v2_context_first,522,toxic_spans,0,0,quote_or_report
v2_context_first,523,convabuse,0,1,identity_attack
v2_context_first,524,convabuse,0,0,none
v2_context_first,525,convabuse,0,0,none
v2_context_first,526,toxic_spans,0,1,identity_attack
v2_context_first,527,convabuse,0,0,none
v2_context_first,528,convabuse,0,0,none
v2_context_first,529,convabuse,0,0,none
v2_context_first,530,convabuse,0,0,none
v2_context_first,531,convabuse,0,0,none
v2_context_first,532,convabuse,0,0,none
v2_context_first,533,convabuse,0,0,none
v2_context_first,534,convabuse,0,0,none
v2_context_first,535,tweet_eval_hate,0,0,none
v2_context_first,536,tweet_eval_hate,0,0,none
v2_context_first,537,tweet_eval_hate,0,0,quote_or_report
v2_context_first,538,tweet_eval_hate,1,1,identity_attack|dehumanization
v2_context_first,539,tweet_eval_hate,0,0,none
v2_context_first,540,tweet_eval_hate,1,0,quote_or_report
v2_context_first,541,tweet_eval_hate,0,0,counterspeech
v2_context_first,542,tweet_eval_hate,1,0,counterspeech
v2_context_first,543,tweet_eval_hate,1,0,quote_or_report
v2_context_first,544,tweet_eval_offensive,0,0,none
v2_context_first,545,tweet_eval_hate,0,0,counterspeech
v2_context_first,546,tweet_eval_offensive,0,0,quote_or_report
v2_context_first,547,tweet_eval_hate,1,0,quote_or_report
v2_context_first,548,tweet_eval_offensive,0,0,counterspeech
v2_context_first,549,tweet_eval_hate,0,0,dehumanization
v2_context_first,550,tweet_eval_hate,0,0,none
v2_context_first,551,tweet_eval_hate,1,0,none
v2_context_first,552,tweet_eval_hate,0,1,dehumanization
v2_context_first,553,tweet_eval_hate,1,0,none
v2_context_first,554,tweet_eval_hate,0,0,none
v2_context_first,555,tweet_eval_offensive,0,0,none
v2_context_first,556,tweet_eval_offensive,0,0,none
v2_context_first,557,tweet_eval_hate,1,1,dehumanization
v2_context_first,558,tweet_eval_hate,0,0,none
v2_context_first,559,tweet_eval_offensive,0,0,quote_or_report
v2_context_first,560,tweet_eval_hate,1,0,none
v2_context_first,561,tweet_eval_hate,0,0,quote_or_report
v2_context_first,562,tweet_eval_hate,0,1,identity_attack
v2_context_first,563,tweet_eval_hate,0,0,quote_or_report
v2_context_first,564,tweet_eval_hate,0,1,dehumanization
v2_context_first,565,tweet_eval_offensive,0,0,none
v2_context_first,566,tweet_eval_hate,0,0,quote_or_report
v2_context_first,567,tweet_eval_hate,0,0,quote_or_report
v2_context_first,568,tweet_eval_hate,0,1,dehumanization
v2_context_first,569,tweet_eval_offensive,0,0,none
v2_context_first,570,tweet_eval_hate,1,1,identity_attack
v2_context_first,571,tweet_eval_hate,0,0,quote_or_report
v2_context_first,572,tweet_eval_hate,1,0,none
v2_context_first,573,tweet_eval_hate,0,0,none
v2_context_first,574,tweet_eval_hate,1,0,none
v2_context_first,575,tweet_eval_hate,0,0,none
v2_context_first,576,tweet_eval_hate,0,0,none
v2_context_first,577,tweet_eval_hate,1,0,none
v2_context_first,578,tweet_eval_offensive,0,0,none
v2_context_first,579,tweet_eval_hate,0,0,none
v2_context_first,580,tweet_eval_hate,0,0,none
v2_context_first,581,tweet_eval_hate,1,0,quote_or_report
v2_context_first,582,tweet_eval_offensive,0,0,quote_or_report
v2_context_first,583,tweet_eval_hate,0,0,quote_or_report
v2_context_first,584,tweet_eval_hate,0,0,quote_or_report
v2_context_first,585,tweet_eval_hate,0,0,quote_or_report
v2_context_first,586,tweet_eval_offensive,0,0,quote_or_report
v2_context_first,587,tweet_eval_hate,0,0,quote_or_report
v2_context_first,588,tweet_eval_offensive,0,0,quote_or_report
v2_context_first,589,tweet_eval_offensive,0,0,quote_or_report
v2_context_first,590,tweet_eval_hate,1,0,quote_or_report
v2_context_first,591,tweet_eval_hate,0,0,quote_or_report
v2_context_first,592,tweet_eval_hate,1,1,identity_attack
v2_context_first,593,tweet_eval_offensive,0,0,quote_or_report
v2_context_first,594,tweet_eval_offensive,0,0,quote_or_report
v2_context_first,595,tweet_eval_hate,1,1,identity_attack
v2_context_first,596,tweet_eval_offensive,0,0,quote_or_report
v2_context_first,597,tweet_eval_offensive,0,0,none
v2_context_first,598,tweet_eval_hate,0,1,identity_attack
v2_context_first,599,tweet_eval_offensive,0,0,quote_or_report
v2_context_first,600,tweet_eval_hate,1,1,identity_attack
v2_context_first,601,tweet_eval_hate,0,0,quote_or_report
v2_context_first,602,tweet_eval_hate,0,1,identity_attack
v2_context_first,603,tweet_eval_hate,1,1,dehumanization
v2_context_first,604,tweet_eval_offensive,0,0,quote_or_report
v2_context_first,605,tweet_eval_offensive,0,0,quote_or_report
v2_context_first,606,tweet_eval_hate,1,0,none
v2_context_first,607,tweet_eval_hate,1,0,none
v2_context_first,608,tweet_eval_hate,0,1,identity_attack
v2_context_first,609,tweet_eval_offensive,0,1,dehumanization
v2_context_first,610,tweet_eval_hate,0,0,quote_or_report
v2_context_first,611,tweet_eval_hate,1,0,counterspeech
v2_context_first,612,tweet_eval_offensive,0,0,quote_or_report
v2_context_first,613,tweet_eval_hate,0,0,none
v2_context_first,614,tweet_eval_offensive,0,0,none
v2_context_first,615,tweet_eval_hate,1,0,counterspeech
v2_context_first,616,tweet_eval_offensive,0,0,none
v2_context_first,617,tweet_eval_hate,1,0,quote_or_report
v2_context_first,618,tweet_eval_hate,0,0,counterspeech
v2_context_first,619,tweet_eval_hate,0,0,none
v2_context_first,620,tweet_eval_offensive,0,0,quote_or_report
v2_context_first,621,tweet_eval_hate,1,1,identity_attack
v2_context_first,622,tweet_eval_offensive,0,0,quote_or_report
v2_context_first,623,tweet_eval_offensive,0,0,none
v2_context_first,624,tweet_eval_hate,0,0,none
v2_context_first,625,tweet_eval_hate,1,0,none
v2_context_first,626,tweet_eval_hate,1,0,quote_or_report
v2_context_first,627,tweet_eval_hate,0,0,none
v2_context_first,628,tweet_eval_hate,0,1,identity_attack
v2_context_first,629,tweet_eval_offensive,0,0,quote_or_report
v2_context_first,630,tweet_eval_hate,0,0,none
v2_context_first,631,tweet_eval_hate,0,0,quote_or_report
v2_context_first,632,tweet_eval_hate,0,0,quote_or_report
v2_context_first,633,tweet_eval_hate,0,0,quote_or_report
v2_context_first,634,tweet_eval_hate,0,0,none
v2_context_first,635,tweet_eval_hate,1,0,none
v2_context_first,636,tweet_eval_hate,1,0,quote_or_report
v2_context_first,637,tweet_eval_offensive,0,0,none
v2_context_first,638,tweet_eval_offensive,0,0,none
v2_context_first,639,tweet_eval_hate,0,0,quote_or_report
v2_context_first,640,tweet_eval_offensive,0,0,none
v2_context_first,641,tweet_eval_offensive,0,0,none
v2_context_first,642,tweet_eval_hate,0,0,none
v2_context_first,643,tweet_eval_hate,1,0,quote_or_report
v2_context_first,644,tweet_eval_offensive,0,0,none
v2_context_first,645,tweet_eval_hate,0,0,none
v2_context_first,646,tweet_eval_hate,1,1,threat
v2_context_first,647,tweet_eval_offensive,0,1,dehumanization|identity_attack
v2_context_first,648,tweet_eval_hate,1,1,dehumanization|inferiority_claim
v2_context_first,649,tweet_eval_hate,1,0,none
v2_context_first,650,tweet_eval_hate,0,0,none
v2_context_first,651,tweet_eval_hate,0,0,quote_or_report
v2_context_first,652,tweet_eval_hate,0,1,identity_attack|dehumanization
v2_context_first,653,tweet_eval_offensive,0,0,quote_or_report
v2_context_first,654,tweet_eval_offensive,0,0,none
v2_context_first,655,tweet_eval_hate,0,0,counterspeech
v2_context_first,656,tweet_eval_offensive,0,1,identity_attack|dehumanization
v2_context_first,657,tweet_eval_hate,0,0,none
v2_context_first,658,tweet_eval_hate,1,1,identity_attack|dehumanization
v2_context_first,659,tweet_eval_hate,0,0,counterspeech
v2_context_first,660,tweet_eval_hate,0,1,identity_attack|dehumanization
v2_context_first,661,tweet_eval_hate,0,0,quote_or_report
v2_context_first,662,tweet_eval_hate,0,0,quote_or_report
v2_context_first,663,tweet_eval_hate,1,1,identity_attack
v2_context_first,664,tweet_eval_hate,1,1,identity_attack
v2_context_first,665,tweet_eval_hate,1,0,quote_or_report
v2_context_first,666,tweet_eval_hate,1,1,identity_attack
v2_context_first,667,tweet_eval_hate,0,0,quote_or_report
v2_context_first,668,tweet_eval_hate,1,1,dehumanization
v2_context_first,669,tweet_eval_hate,0,0,none
v2_context_first,670,tweet_eval_hate,1,1,identity_attack
v2_context_first,671,tweet_eval_hate,0,1,dehumanization
v2_context_first,672,tweet_eval_hate,1,1,identity_attack|exclusion
v2_context_first,673,tweet_eval_offensive,0,0,quote_or_report
v2_context_first,674,tweet_eval_hate,0,0,quote_or_report
v2_context_first,675,tweet_eval_hate,1,1,identity_attack|exclusion
v2_context_first,676,tweet_eval_offensive,0,1,dehumanization
v2_context_first,677,tweet_eval_hate,1,1,identity_attack|dehumanization
v2_context_first,678,tweet_eval_hate,0,0,quote_or_report
v2_context_first,679,tweet_eval_offensive,0,0,quote_or_report
v2_context_first,680,tweet_eval_hate,0,0,quote_or_report
v2_context_first,681,tweet_eval_hate,0,0,quote_or_report
v2_context_first,682,tweet_eval_hate,1,1,identity_attack|dehumanization|threat
v2_context_first,683,tweet_eval_hate,0,1,inferiority_claim|identity_attack
v2_context_first,684,tweet_eval_hate,0,0,quote_or_report
v2_context_first,685,tweet_eval_hate,1,1,dehumanization|threat|identity_attack
v2_context_first,686,tweet_eval_hate,1,0,none
v2_context_first,687,tweet_eval_offensive,0,0,none
v2_context_first,688,tweet_eval_offensive,0,1,identity_attack|dehumanization
v2_context_first,689,tweet_eval_offensive,0,0,counterspeech
v2_context_first,690,tweet_eval_hate,1,1,threat|identity_attack
v2_context_first,691,tweet_eval_hate,1,0,none
v2_context_first,692,tweet_eval_hate,1,1,dehumanization|exclusion|identity_attack
v2_context_first,693,tweet_eval_hate,1,0,none
v2_context_first,694,tweet_eval_hate,1,0,none
v2_context_first,695,tweet_eval_hate,1,1,dehumanization|exclusion|identity_attack
v2_context_first,696,tweet_eval_hate,1,1,dehumanization|exclusion|identity_attack
v2_context_first,697,tweet_eval_offensive,0,0,none
v2_context_first,698,tweet_eval_hate,1,1,dehumanization|exclusion|identity_attack
v2_context_first,699,tweet_eval_hate,1,1,dehumanization|exclusion|identity_attack
v2_context_first,700,tweet_eval_hate,1,1,dehumanization|exclusion|identity_attack
v2_context_first,701,tweet_eval_hate,1,0,none
v2_context_first,702,tweet_eval_hate,1,0,none
v2_context_first,703,tweet_eval_hate,1,0,quote_or_report
v2_context_first,704,tweet_eval_hate,1,0,none
v2_context_first,705,tweet_eval_offensive,0,0,none
v2_context_first,706,tweet_eval_offensive,0,0,none
v2_context_first,707,tweet_eval_offensive,0,0,quote_or_report
v2_context_first,708,tweet_eval_offensive,0,0,none
v2_context_first,709,tweet_eval_offensive,0,0,none
v2_context_first,710,tweet_eval_offensive,0,0,none
v2_context_first,711,tweet_eval_offensive,0,0,none
v2_context_first,712,tweet_eval_offensive,0,0,none
v2_context_first,713,tweet_eval_offensive,0,0,none
v2_context_first,714,tweet_eval_offensive,0,0,none
v2_context_first,715,manual_edge,1,1,identity_attack|dehumanization|threat
v2_context_first,716,manual_edge,1,1,identity_attack|dehumanization|threat
v2_context_first,717,manual_edge,1,1,identity_attack|exclusion|dehumanization|threat
v2_context_first,718,manual_edge,1,1,identity_attack|exclusion|dehumanization|threat
v2_context_first,719,manual_edge,1,1,identity_attack|exclusion|dehumanization|threat
v2_context_first,720,manual_edge,1,1,identity_attack|exclusion|dehumanization|threat
v2_context_first,721,manual_edge,1,1,identity_attack
v2_context_first,722,manual_edge,1,1,exclusion
v2_context_first,723,manual_edge,1,1,exclusion
v2_context_first,724,manual_edge,1,1,identity_attack
v2_context_first,725,manual_edge,0,0,quote_or_report
v2_context_first,726,manual_edge,0,0,quote_or_report
v2_context_first,727,manual_edge,0,0,quote_or_report
v2_context_first,728,manual_edge,0,0,quote_or_report
v2_context_first,729,manual_edge,0,0,quote_or_report
v2_context_first,730,manual_edge,0,0,quote_or_report
v2_context_first,731,manual_edge,0,0,quote_or_report
v2_context_first,732,manual_edge,0,0,quote_or_report
v2_context_first,733,manual_edge,0,1,identity_attack
v2_context_first,734,manual_edge,0,1,identity_attack
v2_context_first,735,manual_edge,0,1,identity_attack
v2_context_first,736,manual_edge,0,1,identity_attack
v2_context_first,737,manual_edge,0,0,counterspeech
v2_context_first,738,manual_edge,0,0,none
v2_context_first,739,manual_edge,0,0,counterspeech
v2_context_first,740,manual_edge,0,0,none
v2_context_first,741,manual_edge,0,0,quote_or_report
v2_context_first,742,manual_edge,0,0,none
v2_context_first,743,manual_edge,0,0,none
v2_context_first,744,manual_edge,0,0,quote_or_report
v2_context_first,745,manual_edge,0,0,none
v2_context_first,746,manual_edge,0,0,none
v2_context_first,747,manual_edge,0,0,none
v2_context_first,748,manual_edge,0,0,none
v2_context_first,749,manual_edge,0,0,none
v2_context_first,750,manual_edge,0,0,none
v2_context_first,751,manual_edge,0,0,quote_or_report
v2_context_first,752,manual_edge,0,0,quote_or_report
v2_context_first,753,manual_edge,0,0,quote_or_report
v2_context_first,754,manual_edge,0,0,quote_or_report
v2_context_first,755,manual_edge,0,0,quote_or_report
v2_context_first,756,manual_edge,0,0,quote_or_report
v2_context_first,757,manual_edge,0,0,quote_or_report
v2_context_first,758,manual_edge,0,0,quote_or_report
v2_context_first,759,manual_edge,0,0,quote_or_report
v2_context_first,760,manual_edge,0,0,quote_or_report
v2_context_first,761,manual_edge,0,0,none
v2_context_first,762,manual_edge,0,0,none
v2_context_first,763,manual_edge,0,1,threat
v2_context_first,764,manual_edge,0,1,threat
v2_context_first,765,manual_edge,0,0,counterspeech
v2_context_first,766,manual_edge,0,1,threat
v2_context_first,767,manual_edge,1,1,identity_attack
v2_context_first,768,manual_edge,1,1,identity_attack
v2_context_first,769,manual_edge,0,0,quote_or_report
v2_context_first,770,manual_edge,0,0,counterspeech
v2_context_first,771,manual_edge,0,0,quote_or_report
v2_context_first,772,manual_edge,0,0,none
v2_context_first,773,manual_edge,0,0,none
v2_context_first,774,manual_edge,0,0,none
v2_context_first,775,manual_edge,0,0,none
v2_context_first,776,manual_edge,0,0,none
v2_context_first,777,manual_edge,0,0,none
v2_context_first,778,manual_edge,0,0,none
v2_context_first,779,manual_edge,0,0,none
v2_context_first,780,manual_edge,0,0,none
v2_context_first,781,manual_edge,0,0,quote_or_report
v2_context_first,782,manual_edge,0,0,none
v2_context_first,783,manual_edge,0,0,none
v2_context_first,784,manual_edge,0,1,identity_attack
v2_context_first,785,manual_edge,1,1,identity_attack
v2_context_first,786,manual_edge,0,0,none
v2_context_first,787,manual_edge,1,1,identity_attack
v2_context_first,788,manual_edge,1,1,identity_attack
v2_context_first,789,manual_edge,0,0,quote_or_report
v2_context_first,790,manual_edge,0,0,quote_or_report
v2_context_first,791,manual_edge,0,0,quote_or_report
v2_context_first,792,manual_edge,0,0,quote_or_report
v2_context_first,793,manual_edge,0,0,quote_or_report
v2_context_first,794,manual_edge,0,0,quote_or_report
v2_context_first,795,manual_edge,0,0,none
v2_context_first,796,manual_edge,0,0,none
v2_context_first,797,manual_edge,0,0,none
v2_context_first,798,manual_edge,0,0,none
v2_context_first,799,manual_edge,0,0,none
v2_context_first,800,manual_edge,0,0,none
